id,timestamp,event_type,details,prev_hash,hash
1,2026-08-11 14:48:12,stock_entry,"{""warehouse_id"": ""WH-CHN-01"", ""item_id"": """", ""date"": ""2026-08-11"", ""stock_in"": 20, ""stock_out"": 10, ""entered_by"": ""admin""}",0000000000000000000000000000000000000000000000000000000000000000,70454f3eb43bf9a088477042fc113baee76cf93c8b9ee4584004fea3ae6b7fbf
2,2026-08-11 15:39:15,shrinkage_scan,"{""triggered_by"": ""admin"", ""flags_found"": 0}",70454f3eb43bf9a088477042fc113baee76cf93c8b9ee4584004fea3ae6b7fbf,988b1e95b2e0c3825cd7e4327567ffacd8b115651a5992730f55e823fad124e3
3,2026-08-11 16:31:25,warehouse_created,"{""warehouse_id"": ""WH-BLR-01"", ""name"": ""Bangalore Fulfillment Center""}",988b1e95b2e0c3825cd7e4327567ffacd8b115651a5992730f55e823fad124e3,5a4ed3999419cc9d294847195c8a2b5f3414026c4143b49dc0ce8190cd5e8d99
4,2026-08-11 16:31:25,warehouse_created,"{""warehouse_id"": ""WH-CHN-01"", ""name"": ""Chennai Port Logistics Hub""}",5a4ed3999419cc9d294847195c8a2b5f3414026c4143b49dc0ce8190cd5e8d99,d5adea94bb23ee86568267e0fbccf7d6df228d9117f4fa7cef980ff0a51bb474
5,2026-08-11 16:31:25,warehouse_created,"{""warehouse_id"": ""WH-BOM-01"", ""name"": ""Mumbai Container Terminal""}",d5adea94bb23ee86568267e0fbccf7d6df228d9117f4fa7cef980ff0a51bb474,305711b8c201c58305e54edfe9337405c1d21553ad08e229541ad4cddebf0119
6,2026-08-11 16:31:25,warehouse_created,"{""warehouse_id"": ""WH-DEL-01"", ""name"": ""Delhi NCR Logistics Park""}",305711b8c201c58305e54edfe9337405c1d21553ad08e229541ad4cddebf0119,a911dc41f554cc35de07d0b606b1249ee8ab891ffa0632b3917531f31382b4fa
7,2026-08-11 16:31:25,warehouse_created,"{""warehouse_id"": ""WH-CCU-01"", ""name"": ""Kolkata Gateway Depot""}",a911dc41f554cc35de07d0b606b1249ee8ab891ffa0632b3917531f31382b4fa,8fdfe00757ed0901786bc138788a9fe979c30f372568f0cff42c9aff564a839e
8,2026-08-11 16:31:25,item_created,"{""item_id"": ""ITM-CPU-01"", ""name"": ""AMD Ryzen 9 7900X Processor""}",8fdfe00757ed0901786bc138788a9fe979c30f372568f0cff42c9aff564a839e,4f9b0514d9da460b337d27610c99b5ce4b32f860a8414c6c9eee779ad9972579
9,2026-08-11 16:31:25,item_created,"{""item_id"": ""ITM-GPU-01"", ""name"": ""Nvidia RTX 4080 Founders Edition""}",4f9b0514d9da460b337d27610c99b5ce4b32f860a8414c6c9eee779ad9972579,b730d138905050398f7813a81834b384c2b2cfb6315c462f0915d6e476f884f1
10,2026-08-11 16:31:25,item_created,"{""item_id"": ""ITM-RAM-01"", ""name"": ""Corsair DDR5 32GB 6000MHz RAM""}",b730d138905050398f7813a81834b384c2b2cfb6315c462f0915d6e476f884f1,9548c719efdfe4d477aa0abba149263361aafc590797e6338cb26e21c4594234
11,2026-08-11 16:31:25,item_created,"{""item_id"": ""ITM-SSD-01"", ""name"": ""Samsung 990 Pro 2TB NVMe SSD""}",9548c719efdfe4d477aa0abba149263361aafc590797e6338cb26e21c4594234,28cc2c8bd622009743b97f626f386280beb6ca1f199445d9f092415ae8afe45e
12,2026-08-11 16:31:25,item_created,"{""item_id"": ""ITM-HDD-01"", ""name"": ""WD Red Pro 8TB NAS Hard Drive""}",28cc2c8bd622009743b97f626f386280beb6ca1f199445d9f092415ae8afe45e,85eff1908cf2f2c47992cb696069f41a1723372abc1cb912dcc91203d4837525
13,2026-08-11 16:31:25,item_created,"{""item_id"": ""ITM-CHG-01"", ""name"": ""Anker 100W GaN Wall Charger""}",85eff1908cf2f2c47992cb696069f41a1723372abc1cb912dcc91203d4837525,d5f1693ff00b9c2df3996121b716e66b8adb2e393a733935e7c96fec23630d2c
14,2026-08-11 16:31:25,item_created,"{""item_id"": ""ITM-CBL-01"", ""name"": ""Apple USB-C Braided Cable 2m""}",d5f1693ff00b9c2df3996121b716e66b8adb2e393a733935e7c96fec23630d2c,2f3edf37abd6c9ae98f6fa385c91341bd0a074a716f2bb8422d5155aa16815cc
15,2026-08-11 16:31:25,simulated_restock,"{""warehouse_id"": ""WH-CHN-01"", ""item_id"": ""ITM-RAM-01"", ""quantity"": 75, ""date"": ""2026-07-18""}",2f3edf37abd6c9ae98f6fa385c91341bd0a074a716f2bb8422d5155aa16815cc,eb8f86a60c23ba838c7957ffd553857ef72dfc0e4c3ff1a1a51ffe10a4e788b7
16,2026-08-11 16:31:25,simulated_restock,"{""warehouse_id"": ""WH-BOM-01"", ""item_id"": ""ITM-RAM-01"", ""quantity"": 75, ""date"": ""2026-07-19""}",eb8f86a60c23ba838c7957ffd553857ef72dfc0e4c3ff1a1a51ffe10a4e788b7,5b95e4bec30b872c299704cb77a5dd14fd316c68f246cb809b8a39f0aca32c43
17,2026-08-11 16:31:25,simulated_restock,"{""warehouse_id"": ""WH-DEL-01"", ""item_id"": ""ITM-RAM-01"", ""quantity"": 75, ""date"": ""2026-07-19""}",5b95e4bec30b872c299704cb77a5dd14fd316c68f246cb809b8a39f0aca32c43,19ec21997bd27f105a3fe0259ca4c0f7ec9f533ff2696279b89ae67d76c2b49e
18,2026-08-11 16:31:25,simulated_restock,"{""warehouse_id"": ""WH-BLR-01"", ""item_id"": ""ITM-RAM-01"", ""quantity"": 75, ""date"": ""2026-07-22""}",19ec21997bd27f105a3fe0259ca4c0f7ec9f533ff2696279b89ae67d76c2b49e,67143d75e91cceb63376a9b17e8f485402f0a16d80946e4732847830efcc26c3
19,2026-08-11 16:31:25,simulated_restock,"{""warehouse_id"": ""WH-CCU-01"", ""item_id"": ""ITM-CPU-01"", ""quantity"": 45, ""date"": ""2026-07-23""}",67143d75e91cceb63376a9b17e8f485402f0a16d80946e4732847830efcc26c3,ab98a4f2c3d0a35dbfa5b118902101168251628b11721b272e6873beb299d85a
20,2026-08-11 16:31:25,simulated_restock,"{""warehouse_id"": ""WH-CCU-01"", ""item_id"": ""ITM-RAM-01"", ""quantity"": 75, ""date"": ""2026-07-23""}",ab98a4f2c3d0a35dbfa5b118902101168251628b11721b272e6873beb299d85a,4c4c5be02a23879a4bc03ce160bc53b29439b4caeaf603face6a57cfa4c9e731
21,2026-08-11 16:31:25,simulated_restock,"{""warehouse_id"": ""WH-CHN-01"", ""item_id"": ""ITM-CPU-01"", ""quantity"": 45, ""date"": ""2026-07-26""}",4c4c5be02a23879a4bc03ce160bc53b29439b4caeaf603face6a57cfa4c9e731,15869f9d0e4cd6b7ab71506fd7b17d1243ac72fd2475737f2e67fd5cad96c29b
22,2026-08-11 16:31:25,simulated_restock,"{""warehouse_id"": ""WH-CCU-01"", ""item_id"": ""ITM-CHG-01"", ""quantity"": 150, ""date"": ""2026-07-27""}",15869f9d0e4cd6b7ab71506fd7b17d1243ac72fd2475737f2e67fd5cad96c29b,15916f3589eb69c150ddcb79c668159a111833677f815fb11a5ee6605cb55b49
23,2026-08-11 16:31:26,simulated_restock,"{""warehouse_id"": ""WH-DEL-01"", ""item_id"": ""ITM-CHG-01"", ""quantity"": 150, ""date"": ""2026-07-28""}",15916f3589eb69c150ddcb79c668159a111833677f815fb11a5ee6605cb55b49,8b28a0f9727c4314a480fc190a644b16eaa518f68adbf6f86b2fdc757f560f46
24,2026-08-11 16:31:26,simulated_restock,"{""warehouse_id"": ""WH-BLR-01"", ""item_id"": ""ITM-CPU-01"", ""quantity"": 45, ""date"": ""2026-07-29""}",8b28a0f9727c4314a480fc190a644b16eaa518f68adbf6f86b2fdc757f560f46,66d9d1d576f60858605688e762caffd739778faeae056f2526f4b6a143ff1ddf
25,2026-08-11 16:31:26,simulated_restock,"{""warehouse_id"": ""WH-CHN-01"", ""item_id"": ""ITM-RAM-01"", ""quantity"": 75, ""date"": ""2026-07-29""}",66d9d1d576f60858605688e762caffd739778faeae056f2526f4b6a143ff1ddf,84f606348d200a34b82ea253f235a27fb091c342bc96aa7ee6558a3c5cb9bce5
26,2026-08-11 16:31:26,simulated_restock,"{""warehouse_id"": ""WH-DEL-01"", ""item_id"": ""ITM-CPU-01"", ""quantity"": 45, ""date"": ""2026-07-29""}",84f606348d200a34b82ea253f235a27fb091c342bc96aa7ee6558a3c5cb9bce5,e5369d20d516ce56513110234b4ea00a9afd4be0e7cac91542c63123ed33321d
27,2026-08-11 16:31:26,simulated_restock,"{""warehouse_id"": ""WH-CHN-01"", ""item_id"": ""ITM-CHG-01"", ""quantity"": 150, ""date"": ""2026-07-30""}",e5369d20d516ce56513110234b4ea00a9afd4be0e7cac91542c63123ed33321d,77dfd0cbf83dca8c2e0fbe3e429c8d2255a9151ce52896c53e4114c6751252ba
28,2026-08-11 16:31:26,simulated_restock,"{""warehouse_id"": ""WH-BOM-01"", ""item_id"": ""ITM-RAM-01"", ""quantity"": 75, ""date"": ""2026-07-30""}",77dfd0cbf83dca8c2e0fbe3e429c8d2255a9151ce52896c53e4114c6751252ba,7445a21e2195ae2f87cdb26b2f70bac33f4334e3eb9c7ee944e2caeffe555f04
29,2026-08-11 16:31:26,simulated_restock,"{""warehouse_id"": ""WH-BOM-01"", ""item_id"": ""ITM-CHG-01"", ""quantity"": 150, ""date"": ""2026-07-30""}",7445a21e2195ae2f87cdb26b2f70bac33f4334e3eb9c7ee944e2caeffe555f04,60b0c22f9afdcf9d790d5cb234836970098d40d366a8ab3cd8d5cff99dbfbedd
30,2026-08-11 16:31:26,simulated_restock,"{""warehouse_id"": ""WH-BOM-01"", ""item_id"": ""ITM-CPU-01"", ""quantity"": 45, ""date"": ""2026-07-31""}",60b0c22f9afdcf9d790d5cb234836970098d40d366a8ab3cd8d5cff99dbfbedd,894d2c46dcc05551c0e8ea80398873dc74035161da32a13e66310dc3a5636fe6
31,2026-08-11 16:31:26,simulated_restock,"{""warehouse_id"": ""WH-BLR-01"", ""item_id"": ""ITM-CHG-01"", ""quantity"": 150, ""date"": ""2026-08-01""}",894d2c46dcc05551c0e8ea80398873dc74035161da32a13e66310dc3a5636fe6,8b56fc33910c87c6a762ff4c276702299b5f5e60e62e157c73fe5ef42f3c787a
32,2026-08-11 16:31:26,simulated_restock,"{""warehouse_id"": ""WH-BLR-01"", ""item_id"": ""ITM-RAM-01"", ""quantity"": 75, ""date"": ""2026-08-03""}",8b56fc33910c87c6a762ff4c276702299b5f5e60e62e157c73fe5ef42f3c787a,a77edd628ff1e9c0d0ddc5d8aa586db8d4bd0a6ce9b732219235082eab55e43e
33,2026-08-11 16:31:26,simulated_restock,"{""warehouse_id"": ""WH-DEL-01"", ""item_id"": ""ITM-RAM-01"", ""quantity"": 75, ""date"": ""2026-08-05""}",a77edd628ff1e9c0d0ddc5d8aa586db8d4bd0a6ce9b732219235082eab55e43e,a9a55ad3f4d7afe3d2beee09ba211bbf79f57299f53dd79321d51614e021df26
34,2026-08-11 16:31:26,simulated_restock,"{""warehouse_id"": ""WH-CCU-01"", ""item_id"": ""ITM-RAM-01"", ""quantity"": 75, ""date"": ""2026-08-05""}",a9a55ad3f4d7afe3d2beee09ba211bbf79f57299f53dd79321d51614e021df26,5fa3b97a3449e2f88df6fc1b6abd1f8cf18da74673b4d33d8c13b781275c96db
35,2026-08-11 16:31:26,simulated_restock,"{""warehouse_id"": ""WH-BLR-01"", ""item_id"": ""ITM-GPU-01"", ""quantity"": 30, ""date"": ""2026-08-06""}",5fa3b97a3449e2f88df6fc1b6abd1f8cf18da74673b4d33d8c13b781275c96db,e98abff4a6d91127b966fe46cd42d8536c47247b3d52cc0dd1bb9f6f68081a19
36,2026-08-11 16:31:26,simulated_restock,"{""warehouse_id"": ""WH-CHN-01"", ""item_id"": ""ITM-HDD-01"", ""quantity"": 60, ""date"": ""2026-08-06""}",e98abff4a6d91127b966fe46cd42d8536c47247b3d52cc0dd1bb9f6f68081a19,a7eb6319ebe5eb1d1f856b357cec924e19db25adf110f1372ec20db258648199
37,2026-08-11 16:31:26,simulated_restock,"{""warehouse_id"": ""WH-BOM-01"", ""item_id"": ""ITM-HDD-01"", ""quantity"": 60, ""date"": ""2026-08-07""}",a7eb6319ebe5eb1d1f856b357cec924e19db25adf110f1372ec20db258648199,f471f58919eb19324d9e019a5b750a613f4a87ea4722e88342c7e223ca140226
38,2026-08-11 16:31:26,simulated_restock,"{""warehouse_id"": ""WH-CHN-01"", ""item_id"": ""ITM-GPU-01"", ""quantity"": 30, ""date"": ""2026-08-08""}",f471f58919eb19324d9e019a5b750a613f4a87ea4722e88342c7e223ca140226,5ce5cf28fa5bc0c6da6da23cc1696e0e127f002975c2773c61a4506ab0ebd0aa
39,2026-08-11 16:31:26,simulated_restock,"{""warehouse_id"": ""WH-DEL-01"", ""item_id"": ""ITM-HDD-01"", ""quantity"": 60, ""date"": ""2026-08-08""}",5ce5cf28fa5bc0c6da6da23cc1696e0e127f002975c2773c61a4506ab0ebd0aa,61076e30f01c83e3f7cce61bec8f4959f1471ef963d138f9fe7f4b4437928445
40,2026-08-11 16:31:26,simulated_restock,"{""warehouse_id"": ""WH-BOM-01"", ""item_id"": ""ITM-RAM-01"", ""quantity"": 75, ""date"": ""2026-08-09""}",61076e30f01c83e3f7cce61bec8f4959f1471ef963d138f9fe7f4b4437928445,ea5b535f7cea198829740c9198ef4cf581603438bc3e4c98d4fcec8a93cd28bc
41,2026-08-11 16:31:26,simulated_restock,"{""warehouse_id"": ""WH-BOM-01"", ""item_id"": ""ITM-CBL-01"", ""quantity"": 300, ""date"": ""2026-08-09""}",ea5b535f7cea198829740c9198ef4cf581603438bc3e4c98d4fcec8a93cd28bc,2ab92c01fe2a04424ba632997d7adedf758f62828f3d6ba484270d482a3d718b
42,2026-08-11 16:31:26,simulated_restock,"{""warehouse_id"": ""WH-DEL-01"", ""item_id"": ""ITM-GPU-01"", ""quantity"": 30, ""date"": ""2026-08-09""}",2ab92c01fe2a04424ba632997d7adedf758f62828f3d6ba484270d482a3d718b,973a0845dc77cf955b24e4b2e1f32b4741a66b9bbd4ab91cb4767ea47cc06415
43,2026-08-11 16:31:26,simulated_restock,"{""warehouse_id"": ""WH-DEL-01"", ""item_id"": ""ITM-CBL-01"", ""quantity"": 300, ""date"": ""2026-08-09""}",973a0845dc77cf955b24e4b2e1f32b4741a66b9bbd4ab91cb4767ea47cc06415,73cc30726a6bdee40f100a90dd86d30f34ce5f750a3dcb5f28c34fbe88bfbf77
44,2026-08-11 16:31:26,simulated_restock,"{""warehouse_id"": ""WH-BLR-01"", ""item_id"": ""ITM-CBL-01"", ""quantity"": 300, ""date"": ""2026-08-10""}",73cc30726a6bdee40f100a90dd86d30f34ce5f750a3dcb5f28c34fbe88bfbf77,4556117900b67803a3f90f8c0cfb38446e1411f9c40ef3174b0200678256a1a3
45,2026-08-11 16:31:26,shrinkage_flag,"{""warehouse_id"": ""WH-BLR-01"", ""item_id"": ""ITM-GPU-01"", ""likely_cause"": ""Possible shrinkage / theft""}",4556117900b67803a3f90f8c0cfb38446e1411f9c40ef3174b0200678256a1a3,ddb66c8d27c8e69c2c0b7aebb742996506a96548bc58545429b600f9fd38fb73
46,2026-08-11 16:31:26,shrinkage_flag,"{""warehouse_id"": ""WH-CHN-01"", ""item_id"": ""ITM-CPU-01"", ""likely_cause"": ""Damaged during offloading / scrap""}",ddb66c8d27c8e69c2c0b7aebb742996506a96548bc58545429b600f9fd38fb73,05be816c92a45079f9f6e43c47536dd41f78b52cd64d4e67d55bbaf4b685c903
47,2026-08-11 17:21:16,warehouse_created,"{""warehouse_id"": ""WH-BLR-01"", ""name"": ""Bangalore Fulfillment Center""}",05be816c92a45079f9f6e43c47536dd41f78b52cd64d4e67d55bbaf4b685c903,defb950bf62912accbe6186b60473df9d67391daa3c4842546558c60542070a7
48,2026-08-11 17:21:16,warehouse_created,"{""warehouse_id"": ""WH-CHN-01"", ""name"": ""Chennai Port Logistics Hub""}",defb950bf62912accbe6186b60473df9d67391daa3c4842546558c60542070a7,307fd004b326261acac93c234caeb8a6e1bbe9a326fabab908a510bc176d73a6
49,2026-08-11 17:21:16,warehouse_created,"{""warehouse_id"": ""WH-BOM-01"", ""name"": ""Mumbai Container Terminal""}",307fd004b326261acac93c234caeb8a6e1bbe9a326fabab908a510bc176d73a6,7bc6d8357d1e256ced6828bf4f13b3e45d4ab44351f82ac69a96c4aaa2ce2227
50,2026-08-11 17:21:16,warehouse_created,"{""warehouse_id"": ""WH-DEL-01"", ""name"": ""Delhi NCR Logistics Park""}",7bc6d8357d1e256ced6828bf4f13b3e45d4ab44351f82ac69a96c4aaa2ce2227,a29e3bd33fc7e46fb43ba33caf0f1a24c253568de3b08590bfeb6d740ba862f3
51,2026-08-11 17:21:16,warehouse_created,"{""warehouse_id"": ""WH-CCU-01"", ""name"": ""Kolkata Gateway Depot""}",a29e3bd33fc7e46fb43ba33caf0f1a24c253568de3b08590bfeb6d740ba862f3,6727a7e251f9addc2a89c14d90f6aabf80b2631d85d4546600b44297d19e7953
52,2026-08-11 17:21:16,item_created,"{""item_id"": ""ITM-CPU-01"", ""name"": ""AMD Ryzen 9 7900X Processor""}",6727a7e251f9addc2a89c14d90f6aabf80b2631d85d4546600b44297d19e7953,b906049801701965deefd590d27b30c7ca28efa5e6c89bf43f82fb5264ca8bd9
53,2026-08-11 17:21:16,item_created,"{""item_id"": ""ITM-GPU-01"", ""name"": ""Nvidia RTX 4080 Founders Edition""}",b906049801701965deefd590d27b30c7ca28efa5e6c89bf43f82fb5264ca8bd9,f4dbd4ac9dd0d1591807c31f7c82a22c3e357afacd02accd03ec5fe841e61313
54,2026-08-11 17:21:16,item_created,"{""item_id"": ""ITM-RAM-01"", ""name"": ""Corsair DDR5 32GB 6000MHz RAM""}",f4dbd4ac9dd0d1591807c31f7c82a22c3e357afacd02accd03ec5fe841e61313,7fa969d3e9ecc0d8fea89eabd47ba392bdade46966c5ffd009fd3cad0d7b8ce8
55,2026-08-11 17:21:16,item_created,"{""item_id"": ""ITM-SSD-01"", ""name"": ""Samsung 990 Pro 2TB NVMe SSD""}",7fa969d3e9ecc0d8fea89eabd47ba392bdade46966c5ffd009fd3cad0d7b8ce8,e2f26056079e096cd6ded63b3b0774930f8a49d4d12ddaf610a7cbb94222bceb
56,2026-08-11 17:21:16,item_created,"{""item_id"": ""ITM-HDD-01"", ""name"": ""WD Red Pro 8TB NAS Hard Drive""}",e2f26056079e096cd6ded63b3b0774930f8a49d4d12ddaf610a7cbb94222bceb,a0217e542a9a768b0d4673c81230b7d3d41af8d6a335ef81dd260016d7d9f6b5
57,2026-08-11 17:21:16,item_created,"{""item_id"": ""ITM-CHG-01"", ""name"": ""Anker 100W GaN Wall Charger""}",a0217e542a9a768b0d4673c81230b7d3d41af8d6a335ef81dd260016d7d9f6b5,fd776db9521a23605f3722e4f6411d75de44c2792b9d3764ba0de4608bc86b25
58,2026-08-11 17:21:16,item_created,"{""item_id"": ""ITM-CBL-01"", ""name"": ""Apple USB-C Braided Cable 2m""}",fd776db9521a23605f3722e4f6411d75de44c2792b9d3764ba0de4608bc86b25,4b81f2503fa9c6822e9fde9ca1e46a0d0ea58ee2fa4390c7132ca96cb9d77b8c
59,2026-08-11 17:21:16,simulated_restock,"{""warehouse_id"": ""WH-DEL-01"", ""item_id"": ""ITM-RAM-01"", ""quantity"": 75, ""date"": ""2026-07-17""}",4b81f2503fa9c6822e9fde9ca1e46a0d0ea58ee2fa4390c7132ca96cb9d77b8c,8fa4bf6d0163583d34cbe7c702738987ea93994bceacfb040984dbf12c413f68
60,2026-08-11 17:21:16,simulated_restock,"{""warehouse_id"": ""WH-BOM-01"", ""item_id"": ""ITM-RAM-01"", ""quantity"": 75, ""date"": ""2026-07-20""}",8fa4bf6d0163583d34cbe7c702738987ea93994bceacfb040984dbf12c413f68,533389d39f838b350d51ac87f5ad9435dbe389a69bb9ec372760d4505360cb64
61,2026-08-11 17:21:16,simulated_restock,"{""warehouse_id"": ""WH-CCU-01"", ""item_id"": ""ITM-RAM-01"", ""quantity"": 75, ""date"": ""2026-07-20""}",533389d39f838b350d51ac87f5ad9435dbe389a69bb9ec372760d4505360cb64,2a2073209ef189f8949e7789dcc15a682eeef640133e61ef71b997580c3f025f
62,2026-08-11 17:21:16,simulated_restock,"{""warehouse_id"": ""WH-BLR-01"", ""item_id"": ""ITM-RAM-01"", ""quantity"": 75, ""date"": ""2026-07-22""}",2a2073209ef189f8949e7789dcc15a682eeef640133e61ef71b997580c3f025f,a3b8f4ddcabcf2ed06cb7ff8d240c286d9adaf80c43621caf4ac448000e2efb3
63,2026-08-11 17:21:16,simulated_restock,"{""warehouse_id"": ""WH-CHN-01"", ""item_id"": ""ITM-RAM-01"", ""quantity"": 75, ""date"": ""2026-07-22""}",a3b8f4ddcabcf2ed06cb7ff8d240c286d9adaf80c43621caf4ac448000e2efb3,bb33737f053c3175dfba92545d2ac2459206ab60bfb021675abf57ec725b8c10
64,2026-08-11 17:21:16,simulated_restock,"{""warehouse_id"": ""WH-BOM-01"", ""item_id"": ""ITM-CHG-01"", ""quantity"": 150, ""date"": ""2026-07-25""}",bb33737f053c3175dfba92545d2ac2459206ab60bfb021675abf57ec725b8c10,793864df478771f9f4e2709a6aa8a521e4b1e50451196841602f265d8202aa87
65,2026-08-11 17:21:16,simulated_restock,"{""warehouse_id"": ""WH-CCU-01"", ""item_id"": ""ITM-CHG-01"", ""quantity"": 150, ""date"": ""2026-07-25""}",793864df478771f9f4e2709a6aa8a521e4b1e50451196841602f265d8202aa87,dfe59a1b91bf3dcd6c0dab91b9ec3a21b6e01487e91b8a87ed0930f4454564c6
66,2026-08-11 17:21:16,simulated_restock,"{""warehouse_id"": ""WH-BLR-01"", ""item_id"": ""ITM-CHG-01"", ""quantity"": 150, ""date"": ""2026-07-26""}",dfe59a1b91bf3dcd6c0dab91b9ec3a21b6e01487e91b8a87ed0930f4454564c6,5befe69c84fc359b35dfef03ad7818e663003ccb88e4adb91c78dfb8337248f1
67,2026-08-11 17:21:16,simulated_restock,"{""warehouse_id"": ""WH-CHN-01"", ""item_id"": ""ITM-CPU-01"", ""quantity"": 45, ""date"": ""2026-07-27""}",5befe69c84fc359b35dfef03ad7818e663003ccb88e4adb91c78dfb8337248f1,7853fc620f1255132dfadc79ec67914e84511831cd6b02408510c5074f834be2
68,2026-08-11 17:21:16,simulated_restock,"{""warehouse_id"": ""WH-DEL-01"", ""item_id"": ""ITM-RAM-01"", ""quantity"": 75, ""date"": ""2026-07-28""}",7853fc620f1255132dfadc79ec67914e84511831cd6b02408510c5074f834be2,a7e9c41dea46ee64b7c64dc18042a875ea7bcdae515a43490dc683e49efcd3d7
69,2026-08-11 17:21:17,simulated_restock,"{""warehouse_id"": ""WH-DEL-01"", ""item_id"": ""ITM-CHG-01"", ""quantity"": 150, ""date"": ""2026-07-28""}",a7e9c41dea46ee64b7c64dc18042a875ea7bcdae515a43490dc683e49efcd3d7,875252f37b2170fef61fafce135661dfeaeaed1b003cd4f2d89729e079a07547
70,2026-08-11 17:21:17,simulated_restock,"{""warehouse_id"": ""WH-CHN-01"", ""item_id"": ""ITM-CHG-01"", ""quantity"": 150, ""date"": ""2026-07-30""}",875252f37b2170fef61fafce135661dfeaeaed1b003cd4f2d89729e079a07547,bbc26b6c155021d23130d727e57d3141996c50262bf5268430348f14d1f71c16
71,2026-08-11 17:21:17,simulated_restock,"{""warehouse_id"": ""WH-BOM-01"", ""item_id"": ""ITM-GPU-01"", ""quantity"": 30, ""date"": ""2026-08-01""}",bbc26b6c155021d23130d727e57d3141996c50262bf5268430348f14d1f71c16,12d368ca9402e6503c9950317105821e1a4badad30dafa085fc70b747583d3ef
72,2026-08-11 17:21:17,simulated_restock,"{""warehouse_id"": ""WH-BOM-01"", ""item_id"": ""ITM-RAM-01"", ""quantity"": 75, ""date"": ""2026-08-01""}",12d368ca9402e6503c9950317105821e1a4badad30dafa085fc70b747583d3ef,3d3f50541f1c1db430901a52522d0a51f919f8c8cfb66dfb0ec28d44097a03e1
73,2026-08-11 17:21:17,simulated_restock,"{""warehouse_id"": ""WH-BOM-01"", ""item_id"": ""ITM-CPU-01"", ""quantity"": 45, ""date"": ""2026-08-02""}",3d3f50541f1c1db430901a52522d0a51f919f8c8cfb66dfb0ec28d44097a03e1,4640d5c113ef2f4d44d2ca016a9cb87f8e5961fa717343b775e1839a8ace1446
74,2026-08-11 17:21:17,simulated_restock,"{""warehouse_id"": ""WH-DEL-01"", ""item_id"": ""ITM-CPU-01"", ""quantity"": 45, ""date"": ""2026-08-02""}",4640d5c113ef2f4d44d2ca016a9cb87f8e5961fa717343b775e1839a8ace1446,4a1f2f7369cfe5d4cd4c74fd403c8caec8a15f73d4c5d30e2e6ef0adea8a4180
75,2026-08-11 17:21:17,simulated_restock,"{""warehouse_id"": ""WH-CCU-01"", ""item_id"": ""ITM-RAM-01"", ""quantity"": 75, ""date"": ""2026-08-02""}",4a1f2f7369cfe5d4cd4c74fd403c8caec8a15f73d4c5d30e2e6ef0adea8a4180,458faf64edce07fda187bfe302b35fd0a4ef10ca756c18deabf6900a9c660eb3
76,2026-08-11 17:21:17,simulated_restock,"{""warehouse_id"": ""WH-CCU-01"", ""item_id"": ""ITM-HDD-01"", ""quantity"": 60, ""date"": ""2026-08-02""}",458faf64edce07fda187bfe302b35fd0a4ef10ca756c18deabf6900a9c660eb3,0f58408b5c4aaa1b105a679ddad82e9c72101bce5439e73873be0a735ff36ec9
77,2026-08-11 17:21:17,simulated_restock,"{""warehouse_id"": ""WH-BLR-01"", ""item_id"": ""ITM-CPU-01"", ""quantity"": 45, ""date"": ""2026-08-03""}",0f58408b5c4aaa1b105a679ddad82e9c72101bce5439e73873be0a735ff36ec9,15800dd5524362b189fa6741a5f9afcf9715befdfacab9d12456914c86fb48ce
78,2026-08-11 17:21:17,simulated_restock,"{""warehouse_id"": ""WH-BLR-01"", ""item_id"": ""ITM-RAM-01"", ""quantity"": 75, ""date"": ""2026-08-03""}",15800dd5524362b189fa6741a5f9afcf9715befdfacab9d12456914c86fb48ce,ee483452463444843c2ddc7e15015cff7eddb989e9baec9e27f15b8e2e6e98dd
79,2026-08-11 17:21:17,simulated_restock,"{""warehouse_id"": ""WH-CHN-01"", ""item_id"": ""ITM-RAM-01"", ""quantity"": 75, ""date"": ""2026-08-03""}",ee483452463444843c2ddc7e15015cff7eddb989e9baec9e27f15b8e2e6e98dd,1deeeadc2e395a3a529c5409c2e1599e1690e63b4dc40ae19ea6f3ca6634fead
80,2026-08-11 17:21:17,simulated_restock,"{""warehouse_id"": ""WH-CCU-01"", ""item_id"": ""ITM-CPU-01"", ""quantity"": 45, ""date"": ""2026-08-03""}",1deeeadc2e395a3a529c5409c2e1599e1690e63b4dc40ae19ea6f3ca6634fead,c9f41ff1962971bd6ebd14b50a0eadd7340ae444fcd7ca11f6cc542f0fd5dedc
81,2026-08-11 17:21:17,simulated_restock,"{""warehouse_id"": ""WH-BLR-01"", ""item_id"": ""ITM-CBL-01"", ""quantity"": 300, ""date"": ""2026-08-05""}",c9f41ff1962971bd6ebd14b50a0eadd7340ae444fcd7ca11f6cc542f0fd5dedc,46ed62286d94c03d4e6130328029ced8e6decea553a6e4a8e9512281f66f2f7f
82,2026-08-11 17:21:17,simulated_restock,"{""warehouse_id"": ""WH-BLR-01"", ""item_id"": ""ITM-GPU-01"", ""quantity"": 30, ""date"": ""2026-08-06""}",46ed62286d94c03d4e6130328029ced8e6decea553a6e4a8e9512281f66f2f7f,e1ee91704b5548ec907b05f928a15d5abe3eab83f05d8d8bb0d64b5a6903f6b5
83,2026-08-11 17:21:17,simulated_restock,"{""warehouse_id"": ""WH-CHN-01"", ""item_id"": ""ITM-GPU-01"", ""quantity"": 30, ""date"": ""2026-08-06""}",e1ee91704b5548ec907b05f928a15d5abe3eab83f05d8d8bb0d64b5a6903f6b5,2fde62e88c4fbe7a490bbbb3c943c8c1dcbcc974990be40b6364ec6b5c7628ca
84,2026-08-11 17:21:17,simulated_restock,"{""warehouse_id"": ""WH-CCU-01"", ""item_id"": ""ITM-CBL-01"", ""quantity"": 300, ""date"": ""2026-08-06""}",2fde62e88c4fbe7a490bbbb3c943c8c1dcbcc974990be40b6364ec6b5c7628ca,bac03efda719b792eca47a783fc2a1eb4d14527fb8d6f0ce95525089cef43151
85,2026-08-11 17:21:17,simulated_restock,"{""warehouse_id"": ""WH-CHN-01"", ""item_id"": ""ITM-HDD-01"", ""quantity"": 60, ""date"": ""2026-08-07""}",bac03efda719b792eca47a783fc2a1eb4d14527fb8d6f0ce95525089cef43151,48989d398525151d9859cf4197f0a7b7d1d8354e0c5c28097e9f729a5e98783b
86,2026-08-11 17:21:17,simulated_restock,"{""warehouse_id"": ""WH-DEL-01"", ""item_id"": ""ITM-GPU-01"", ""quantity"": 30, ""date"": ""2026-08-08""}",48989d398525151d9859cf4197f0a7b7d1d8354e0c5c28097e9f729a5e98783b,4947f3d06243b7e7f977f31b3e770a936beb1360626afbff65f3a068711d43f2
87,2026-08-11 17:21:17,simulated_restock,"{""warehouse_id"": ""WH-DEL-01"", ""item_id"": ""ITM-HDD-01"", ""quantity"": 60, ""date"": ""2026-08-08""}",4947f3d06243b7e7f977f31b3e770a936beb1360626afbff65f3a068711d43f2,302128ff35803a9ea4ae711e112d86ca9ec866366afb0fef654db30d86c16c90
88,2026-08-11 17:21:17,simulated_restock,"{""warehouse_id"": ""WH-DEL-01"", ""item_id"": ""ITM-CBL-01"", ""quantity"": 300, ""date"": ""2026-08-09""}",302128ff35803a9ea4ae711e112d86ca9ec866366afb0fef654db30d86c16c90,d073be4c254ec18d6211f32f63e44f397fa3678e3a543891989aebf007c84351
89,2026-08-11 17:21:17,simulated_restock,"{""warehouse_id"": ""WH-CHN-01"", ""item_id"": ""ITM-CBL-01"", ""quantity"": 300, ""date"": ""2026-08-11""}",d073be4c254ec18d6211f32f63e44f397fa3678e3a543891989aebf007c84351,fb45da4b60256771fad06d107a19ae5fda5ff2facd8685acb21ff6515cea12f3
90,2026-08-11 17:21:17,simulated_restock,"{""warehouse_id"": ""WH-BOM-01"", ""item_id"": ""ITM-HDD-01"", ""quantity"": 60, ""date"": ""2026-08-11""}",fb45da4b60256771fad06d107a19ae5fda5ff2facd8685acb21ff6515cea12f3,1cfd3410420fab99be47618dbb6d03d0cf694b5eab74d1bc6a1e0fa529ab98c0
91,2026-08-11 17:21:17,simulated_restock,"{""warehouse_id"": ""WH-BOM-01"", ""item_id"": ""ITM-CBL-01"", ""quantity"": 300, ""date"": ""2026-08-11""}",1cfd3410420fab99be47618dbb6d03d0cf694b5eab74d1bc6a1e0fa529ab98c0,dfbba20c1e3f39b2b8d4685948b70c4daee3815e00b1790479c141c9c64f5afe
92,2026-08-11 17:21:17,simulated_restock,"{""warehouse_id"": ""WH-CCU-01"", ""item_id"": ""ITM-RAM-01"", ""quantity"": 75, ""date"": ""2026-08-11""}",dfbba20c1e3f39b2b8d4685948b70c4daee3815e00b1790479c141c9c64f5afe,d531705fdfdf3571508866f48e5c090db9f5b2a4fc15896cbcc16f50fdc298dd
93,2026-08-11 17:21:17,shrinkage_flag,"{""warehouse_id"": ""WH-BLR-01"", ""item_id"": ""ITM-GPU-01"", ""likely_cause"": ""Possible shrinkage / theft""}",d531705fdfdf3571508866f48e5c090db9f5b2a4fc15896cbcc16f50fdc298dd,8ae3778b2ffaa2e416e3477e13b6f020e295e21cab534d095f31dda25590ab5c
94,2026-08-11 17:21:17,shrinkage_flag,"{""warehouse_id"": ""WH-CHN-01"", ""item_id"": ""ITM-CPU-01"", ""likely_cause"": ""Damaged during offloading / scrap""}",8ae3778b2ffaa2e416e3477e13b6f020e295e21cab534d095f31dda25590ab5c,b32ba014f8dcd44bcf37ebc8b6bf4fa5849aa2ad1783df8703b3631ee687e3b2
95,2026-08-12 06:25:42,shrinkage_scan,"{""triggered_by"": ""admin"", ""flags_found"": 69}",b32ba014f8dcd44bcf37ebc8b6bf4fa5849aa2ad1783df8703b3631ee687e3b2,4d7efae094a1d002f2cac43bdb577991d50c26cde6ec0e415946532152c7329e
96,2026-08-12 06:25:42,shrinkage_flag,"{""warehouse_id"": ""WH-BLR-01"", ""item_id"": ""ITM-CBL-01"", ""date"": ""2026-08-05"", ""likely_cause"": ""Possible damage/wastage""}",4d7efae094a1d002f2cac43bdb577991d50c26cde6ec0e415946532152c7329e,354faeb1764ccc9e590fd901e34709a69ef3ded4ffee2a415aee0c097556c809
97,2026-08-12 06:25:42,shrinkage_flag,"{""warehouse_id"": ""WH-BLR-01"", ""item_id"": ""ITM-CBL-01"", ""date"": ""2026-08-11"", ""likely_cause"": ""Possible damage/wastage""}",354faeb1764ccc9e590fd901e34709a69ef3ded4ffee2a415aee0c097556c809,624c97bc20b24f35c80619d24299cf84072255443d84b8d16aa1b5667158681a
98,2026-08-12 06:25:42,shrinkage_flag,"{""warehouse_id"": ""WH-BLR-01"", ""item_id"": ""ITM-CHG-01"", ""date"": ""2026-07-13"", ""likely_cause"": ""Possible damage/wastage""}",624c97bc20b24f35c80619d24299cf84072255443d84b8d16aa1b5667158681a,0eb0d86ba2f7e140138bf9119b6d05d564ffd6a9d58ecdbd16a8403d354de2e8
99,2026-08-12 06:25:42,shrinkage_flag,"{""warehouse_id"": ""WH-BLR-01"", ""item_id"": ""ITM-CHG-01"", ""date"": ""2026-07-31"", ""likely_cause"": ""Possible damage/wastage""}",0eb0d86ba2f7e140138bf9119b6d05d564ffd6a9d58ecdbd16a8403d354de2e8,41f236793a125ea3693d84131fe4318012006f33d4058efed16eecabe5ff5a93
100,2026-08-12 06:25:42,shrinkage_flag,"{""warehouse_id"": ""WH-BLR-01"", ""item_id"": ""ITM-CPU-01"", ""date"": ""2026-07-13"", ""likely_cause"": ""Possible damage/wastage""}",41f236793a125ea3693d84131fe4318012006f33d4058efed16eecabe5ff5a93,2ac0561da964dcd0ce001479d1c86e2e38082d3b88d123c7bcd0b44c32dd5096
101,2026-08-12 06:25:42,shrinkage_flag,"{""warehouse_id"": ""WH-BLR-01"", ""item_id"": ""ITM-CPU-01"", ""date"": ""2026-07-28"", ""likely_cause"": ""Possible shrinkage / theft""}",2ac0561da964dcd0ce001479d1c86e2e38082d3b88d123c7bcd0b44c32dd5096,b0c3dc91eaa1ce796167a1fcc3cbd4f19d45aad32d2dcaa4938e1f3f0496a600
102,2026-08-12 06:26:17,shrinkage_flag,"{""warehouse_id"": ""WH-BLR-01"", ""item_id"": ""ITM-GPU-01"", ""date"": ""2026-07-15"", ""likely_cause"": ""Possible damage/wastage""}",b0c3dc91eaa1ce796167a1fcc3cbd4f19d45aad32d2dcaa4938e1f3f0496a600,ed5fc994d78f6ebb5dcdf23dcf2a3156c8cccc5b2a88f8458ee745b672e16282
103,2026-08-12 06:26:17,shrinkage_flag,"{""warehouse_id"": ""WH-BLR-01"", ""item_id"": ""ITM-GPU-01"", ""date"": ""2026-07-23"", ""likely_cause"": ""Possible shrinkage / theft""}",ed5fc994d78f6ebb5dcdf23dcf2a3156c8cccc5b2a88f8458ee745b672e16282,09e609aaa0b8108c3fc707005d105b657f902bbe5e024cc2fe4bc56c10bf808b
104,2026-08-12 06:27:04,shrinkage_flag,"{""warehouse_id"": ""WH-BLR-01"", ""item_id"": ""ITM-HDD-01"", ""date"": ""2026-07-18"", ""likely_cause"": ""Possible shrinkage / theft""}",09e609aaa0b8108c3fc707005d105b657f902bbe5e024cc2fe4bc56c10bf808b,8af3a17060622947ca318562a927b921194fb42631e367e5167001b01b33d727
105,2026-08-12 06:27:04,shrinkage_flag,"{""warehouse_id"": ""WH-BLR-01"", ""item_id"": ""ITM-RAM-01"", ""date"": ""2026-07-28"", ""likely_cause"": ""Possible damage/wastage""}",8af3a17060622947ca318562a927b921194fb42631e367e5167001b01b33d727,9036a1333e561764361781bf4d2ae08dfba09d80e6ee9ab34e7bb8d7b5e74ce5
106,2026-08-12 06:27:04,shrinkage_flag,"{""warehouse_id"": ""WH-BLR-01"", ""item_id"": ""ITM-RAM-01"", ""date"": ""2026-08-06"", ""likely_cause"": ""Possible damage/wastage""}",9036a1333e561764361781bf4d2ae08dfba09d80e6ee9ab34e7bb8d7b5e74ce5,81ff2834bc4cf3bd42e22c4c6cf503382c5c6e0929f473907e7acdfd9d81bbce
107,2026-08-12 06:27:04,shrinkage_flag,"{""warehouse_id"": ""WH-BLR-01"", ""item_id"": ""ITM-SSD-01"", ""date"": ""2026-07-13"", ""likely_cause"": ""Possible damage/wastage""}",81ff2834bc4cf3bd42e22c4c6cf503382c5c6e0929f473907e7acdfd9d81bbce,be89f0bb939b03964de93664399b9331a7f83809470e088454d39d74e4f91adb
108,2026-08-12 06:27:04,shrinkage_flag,"{""warehouse_id"": ""WH-BLR-01"", ""item_id"": ""ITM-SSD-01"", ""date"": ""2026-07-27"", ""likely_cause"": ""Possible damage/wastage""}",be89f0bb939b03964de93664399b9331a7f83809470e088454d39d74e4f91adb,75c875562123fecf04857733a2eba62df16352b16d1a6f94febf344ea02297c7
109,2026-08-12 06:27:04,shrinkage_flag,"{""warehouse_id"": ""WH-BOM-01"", ""item_id"": ""ITM-CBL-01"", ""date"": ""2026-07-22"", ""likely_cause"": ""Possible damage/wastage""}",75c875562123fecf04857733a2eba62df16352b16d1a6f94febf344ea02297c7,c2463a0d8dbc9582ffa22fda2f6f67ab5ae52528de8fbc2c005127ba705c2aba
110,2026-08-12 06:27:04,shrinkage_flag,"{""warehouse_id"": ""WH-BOM-01"", ""item_id"": ""ITM-CBL-01"", ""date"": ""2026-08-01"", ""likely_cause"": ""Possible damage/wastage""}",c2463a0d8dbc9582ffa22fda2f6f67ab5ae52528de8fbc2c005127ba705c2aba,5d0ad293ca2b75ed8644bc66bf11103f49987304e175d5c695817efdd51306f3
111,2026-08-12 06:27:04,shrinkage_flag,"{""warehouse_id"": ""WH-BOM-01"", ""item_id"": ""ITM-CHG-01"", ""date"": ""2026-07-20"", ""likely_cause"": ""Possible damage/wastage""}",5d0ad293ca2b75ed8644bc66bf11103f49987304e175d5c695817efdd51306f3,0c7135a436aafe85e6f5aad324a679f1c3b0241e11b8a7119021ac4ae8b94bed
112,2026-08-12 06:27:04,shrinkage_flag,"{""warehouse_id"": ""WH-BOM-01"", ""item_id"": ""ITM-CHG-01"", ""date"": ""2026-07-31"", ""likely_cause"": ""Possible damage/wastage""}",0c7135a436aafe85e6f5aad324a679f1c3b0241e11b8a7119021ac4ae8b94bed,bcec5fe678a49e3247a1077c578b4be606e2831bc055408caccc160e80ce4b09
113,2026-08-12 06:27:04,shrinkage_flag,"{""warehouse_id"": ""WH-BOM-01"", ""item_id"": ""ITM-CPU-01"", ""date"": ""2026-07-15"", ""likely_cause"": ""Possible damage/wastage""}",bcec5fe678a49e3247a1077c578b4be606e2831bc055408caccc160e80ce4b09,b88bf2515a904568f8b7db956df2e86254de718d381ef869506a53e4683fc5ec
114,2026-08-12 06:27:04,shrinkage_flag,"{""warehouse_id"": ""WH-BOM-01"", ""item_id"": ""ITM-CPU-01"", ""date"": ""2026-08-03"", ""likely_cause"": ""Possible shrinkage / theft""}",b88bf2515a904568f8b7db956df2e86254de718d381ef869506a53e4683fc5ec,1c04befe4b2ff041114deb8b578257cc970df47e33be7522efb1d9f19c0c0238
115,2026-08-12 06:27:04,shrinkage_flag,"{""warehouse_id"": ""WH-BOM-01"", ""item_id"": ""ITM-GPU-01"", ""date"": ""2026-07-17"", ""likely_cause"": ""Possible damage/wastage""}",1c04befe4b2ff041114deb8b578257cc970df47e33be7522efb1d9f19c0c0238,decac36b923e8a0a647ac22336687a6540a56ca07338647877fe4d281b16b655
116,2026-08-12 06:27:04,shrinkage_flag,"{""warehouse_id"": ""WH-BOM-01"", ""item_id"": ""ITM-GPU-01"", ""date"": ""2026-08-09"", ""likely_cause"": ""Possible shrinkage / theft""}",decac36b923e8a0a647ac22336687a6540a56ca07338647877fe4d281b16b655,25058b11824e64b79b97bd4f4f42eb98ad1c9fcc8f24693795b1f2f0da291ec9
117,2026-08-12 06:27:04,shrinkage_flag,"{""warehouse_id"": ""WH-BOM-01"", ""item_id"": ""ITM-HDD-01"", ""date"": ""2026-07-24"", ""likely_cause"": ""Possible shrinkage / theft""}",25058b11824e64b79b97bd4f4f42eb98ad1c9fcc8f24693795b1f2f0da291ec9,674339611c56cf61e5df75719b9f21cc451676b84a0f8a68ac2fa781967f3ff2
118,2026-08-12 06:27:04,shrinkage_flag,"{""warehouse_id"": ""WH-BOM-01"", ""item_id"": ""ITM-HDD-01"", ""date"": ""2026-07-31"", ""likely_cause"": ""Possible shrinkage / theft""}",674339611c56cf61e5df75719b9f21cc451676b84a0f8a68ac2fa781967f3ff2,6130818a158987a3e88e0333793ace97302b91433d3db3360c087d82b2443dbe
119,2026-08-12 06:27:04,shrinkage_flag,"{""warehouse_id"": ""WH-BOM-01"", ""item_id"": ""ITM-RAM-01"", ""date"": ""2026-07-13"", ""likely_cause"": ""Possible damage/wastage""}",6130818a158987a3e88e0333793ace97302b91433d3db3360c087d82b2443dbe,741cad6119202a4ddf502d62732d549eb925f910d414297365f8d15da016f448
120,2026-08-12 06:27:04,shrinkage_flag,"{""warehouse_id"": ""WH-BOM-01"", ""item_id"": ""ITM-RAM-01"", ""date"": ""2026-08-04"", ""likely_cause"": ""Possible damage/wastage""}",741cad6119202a4ddf502d62732d549eb925f910d414297365f8d15da016f448,5f2c6f2fc64bf05933ba9024d91fe68be10bfe488ed508644a9cf7563aceaaf1
121,2026-08-12 06:27:04,shrinkage_flag,"{""warehouse_id"": ""WH-BOM-01"", ""item_id"": ""ITM-SSD-01"", ""date"": ""2026-07-13"", ""likely_cause"": ""Possible damage/wastage""}",5f2c6f2fc64bf05933ba9024d91fe68be10bfe488ed508644a9cf7563aceaaf1,68773ecec3c0c35be340a631c799d9a1abf6adc0d806d34f5e7f63dcb6984625
122,2026-08-12 06:27:04,shrinkage_flag,"{""warehouse_id"": ""WH-BOM-01"", ""item_id"": ""ITM-SSD-01"", ""date"": ""2026-08-02"", ""likely_cause"": ""Possible shrinkage / theft""}",68773ecec3c0c35be340a631c799d9a1abf6adc0d806d34f5e7f63dcb6984625,327651de8b959e95e9ad7378c8e4605bd9c17854b74b21162ffc11a764e97161
123,2026-08-12 06:27:04,shrinkage_flag,"{""warehouse_id"": ""WH-CCU-01"", ""item_id"": ""ITM-CBL-01"", ""date"": ""2026-07-13"", ""likely_cause"": ""Possible damage/wastage""}",327651de8b959e95e9ad7378c8e4605bd9c17854b74b21162ffc11a764e97161,2009988179f81c49783b30db86ef67ecc13a4ebfca26adbd55bc95f14c22f2b6
124,2026-08-12 06:27:04,shrinkage_flag,"{""warehouse_id"": ""WH-CCU-01"", ""item_id"": ""ITM-CBL-01"", ""date"": ""2026-07-31"", ""likely_cause"": ""Possible damage/wastage""}",2009988179f81c49783b30db86ef67ecc13a4ebfca26adbd55bc95f14c22f2b6,39192509aa4dc43153277bda9008b5bc622f5a2342a97a9be997cbfe683e2335
125,2026-08-12 06:27:04,shrinkage_flag,"{""warehouse_id"": ""WH-CCU-01"", ""item_id"": ""ITM-CHG-01"", ""date"": ""2026-07-15"", ""likely_cause"": ""Possible damage/wastage""}",39192509aa4dc43153277bda9008b5bc622f5a2342a97a9be997cbfe683e2335,ee51abace90f9a7e211df9e786b837834370231c89d3f209b1640a9b108d3556
126,2026-08-12 06:27:04,shrinkage_flag,"{""warehouse_id"": ""WH-CCU-01"", ""item_id"": ""ITM-CHG-01"", ""date"": ""2026-08-01"", ""likely_cause"": ""Possible damage/wastage""}",ee51abace90f9a7e211df9e786b837834370231c89d3f209b1640a9b108d3556,e2f6e8ef46bebeccb5c80d3d53c2b8b1a3ea2f2543794ed9e4e2643adba17fab
127,2026-08-12 06:27:04,shrinkage_flag,"{""warehouse_id"": ""WH-CCU-01"", ""item_id"": ""ITM-CPU-01"", ""date"": ""2026-07-25"", ""likely_cause"": ""Possible shrinkage / theft""}",e2f6e8ef46bebeccb5c80d3d53c2b8b1a3ea2f2543794ed9e4e2643adba17fab,4a819035d024b38947ce4ebb24aaa636953efbe0f930d45a5d682c2f3b7dfd6f
128,2026-08-12 06:27:04,shrinkage_flag,"{""warehouse_id"": ""WH-CCU-01"", ""item_id"": ""ITM-CPU-01"", ""date"": ""2026-08-05"", ""likely_cause"": ""Possible damage/wastage""}",4a819035d024b38947ce4ebb24aaa636953efbe0f930d45a5d682c2f3b7dfd6f,00c38c310ae2f1b48d4c9b99362e0b26a4f40d82544f9c86c59d19ae7c4bd77d
129,2026-08-12 06:27:04,shrinkage_flag,"{""warehouse_id"": ""WH-CCU-01"", ""item_id"": ""ITM-GPU-01"", ""date"": ""2026-07-14"", ""likely_cause"": ""Possible damage/wastage""}",00c38c310ae2f1b48d4c9b99362e0b26a4f40d82544f9c86c59d19ae7c4bd77d,d624479d6beaceff096932b9fc68c501ae3ab36f49b63e3ed5ba25c3c1abf2a9
130,2026-08-12 06:27:04,shrinkage_flag,"{""warehouse_id"": ""WH-CCU-01"", ""item_id"": ""ITM-GPU-01"", ""date"": ""2026-08-05"", ""likely_cause"": ""Possible shrinkage / theft""}",d624479d6beaceff096932b9fc68c501ae3ab36f49b63e3ed5ba25c3c1abf2a9,48b9da30b1d5f843ef247008c5ec08bb497596b0f157e59bdb850fe2b2eb7de3
131,2026-08-12 06:27:04,shrinkage_flag,"{""warehouse_id"": ""WH-CCU-01"", ""item_id"": ""ITM-HDD-01"", ""date"": ""2026-07-17"", ""likely_cause"": ""Possible shrinkage / theft""}",48b9da30b1d5f843ef247008c5ec08bb497596b0f157e59bdb850fe2b2eb7de3,a3d79fb41f12cdb72d75bd58f510f101643a57150fffcdb78e97246390f96965
132,2026-08-12 06:27:04,shrinkage_flag,"{""warehouse_id"": ""WH-CCU-01"", ""item_id"": ""ITM-HDD-01"", ""date"": ""2026-08-01"", ""likely_cause"": ""Possible damage/wastage""}",a3d79fb41f12cdb72d75bd58f510f101643a57150fffcdb78e97246390f96965,d7ce36c4e1b42965a28c92834d7f9005f9c10518b49452d30597a2827949b73b
133,2026-08-12 06:27:04,shrinkage_flag,"{""warehouse_id"": ""WH-CCU-01"", ""item_id"": ""ITM-RAM-01"", ""date"": ""2026-07-16"", ""likely_cause"": ""Possible damage/wastage""}",d7ce36c4e1b42965a28c92834d7f9005f9c10518b49452d30597a2827949b73b,f38221c492b2babfde306732d01b75b4cdca24a9e9e7133edb546ffbcc700264
134,2026-08-12 06:27:04,shrinkage_flag,"{""warehouse_id"": ""WH-CCU-01"", ""item_id"": ""ITM-RAM-01"", ""date"": ""2026-07-23"", ""likely_cause"": ""Possible damage/wastage""}",f38221c492b2babfde306732d01b75b4cdca24a9e9e7133edb546ffbcc700264,dfdf5b1df932ba01c92ad21b77008b32467ed942e2c930f2994cee82ac3160ac
135,2026-08-12 06:27:04,shrinkage_flag,"{""warehouse_id"": ""WH-CCU-01"", ""item_id"": ""ITM-SSD-01"", ""date"": ""2026-07-15"", ""likely_cause"": ""Possible damage/wastage""}",dfdf5b1df932ba01c92ad21b77008b32467ed942e2c930f2994cee82ac3160ac,77af7851508793b72612a7d5008dbe78e036470224b100fcd585802f6afe0800
136,2026-08-12 06:27:04,shrinkage_flag,"{""warehouse_id"": ""WH-CCU-01"", ""item_id"": ""ITM-SSD-01"", ""date"": ""2026-07-21"", ""likely_cause"": ""Possible damage/wastage""}",77af7851508793b72612a7d5008dbe78e036470224b100fcd585802f6afe0800,fcc56e6f79d10e31e074774d150e8c2fe571f0d2d27027614a6946439eae89d5
137,2026-08-12 06:27:04,shrinkage_flag,"{""warehouse_id"": ""WH-CHN-01"", ""item_id"": ""ITM-CBL-01"", ""date"": ""2026-07-20"", ""likely_cause"": ""Possible damage/wastage""}",fcc56e6f79d10e31e074774d150e8c2fe571f0d2d27027614a6946439eae89d5,bf02b9f0e5a3cb1986011eaff98d214367a3f4956d545ff7965dad7e1666d51b
138,2026-08-12 06:27:04,shrinkage_flag,"{""warehouse_id"": ""WH-CHN-01"", ""item_id"": ""ITM-CBL-01"", ""date"": ""2026-08-03"", ""likely_cause"": ""Possible damage/wastage""}",bf02b9f0e5a3cb1986011eaff98d214367a3f4956d545ff7965dad7e1666d51b,4c557df131eafc53beba2cce9065f3d4199f3c731e01461f7edd0ad626f0a930
139,2026-08-12 06:27:04,shrinkage_flag,"{""warehouse_id"": ""WH-CHN-01"", ""item_id"": ""ITM-CHG-01"", ""date"": ""2026-07-20"", ""likely_cause"": ""Possible shrinkage / theft""}",4c557df131eafc53beba2cce9065f3d4199f3c731e01461f7edd0ad626f0a930,42abbb8e0c7db58c28229d5ad1ee59249d5afb8ba0fedc2cf51d22b742682c9a
140,2026-08-12 06:27:05,shrinkage_flag,"{""warehouse_id"": ""WH-CHN-01"", ""item_id"": ""ITM-CHG-01"", ""date"": ""2026-07-26"", ""likely_cause"": ""Possible damage/wastage""}",42abbb8e0c7db58c28229d5ad1ee59249d5afb8ba0fedc2cf51d22b742682c9a,13ba9c10dadfecb5614c9102a791684ee8e877abd627040fe4225e5709799862
141,2026-08-12 06:27:05,shrinkage_flag,"{""warehouse_id"": ""WH-CHN-01"", ""item_id"": ""ITM-CPU-01"", ""date"": ""2026-07-24"", ""likely_cause"": ""Possible shrinkage / theft""}",13ba9c10dadfecb5614c9102a791684ee8e877abd627040fe4225e5709799862,8f1175316ec68a0acde26af90faea98b80d971b025065b11a0ead41b156d23bf
142,2026-08-12 06:27:05,shrinkage_flag,"{""warehouse_id"": ""WH-CHN-01"", ""item_id"": ""ITM-CPU-01"", ""date"": ""2026-07-26"", ""likely_cause"": ""Possible shrinkage / theft""}",8f1175316ec68a0acde26af90faea98b80d971b025065b11a0ead41b156d23bf,88953d32876625f2f87c29566e0e1da190698eccabe62eb71b2818df417cd3ef
143,2026-08-12 06:27:05,shrinkage_flag,"{""warehouse_id"": ""WH-CHN-01"", ""item_id"": ""ITM-GPU-01"", ""date"": ""2026-07-19"", ""likely_cause"": ""Possible shrinkage / theft""}",88953d32876625f2f87c29566e0e1da190698eccabe62eb71b2818df417cd3ef,b62b01c8bf0f890bbac8dd1cd62a41fa4938631bc9ddab7c91148cb21285bc7e
144,2026-08-12 06:27:05,shrinkage_flag,"{""warehouse_id"": ""WH-CHN-01"", ""item_id"": ""ITM-GPU-01"", ""date"": ""2026-07-25"", ""likely_cause"": ""Possible damage/wastage""}",b62b01c8bf0f890bbac8dd1cd62a41fa4938631bc9ddab7c91148cb21285bc7e,47ff49c863eb99adbef6c6f3c9e5ac0c3c2c88883aea7d293f9e07aff2bdd862
145,2026-08-12 06:27:05,shrinkage_flag,"{""warehouse_id"": ""WH-CHN-01"", ""item_id"": ""ITM-HDD-01"", ""date"": ""2026-07-29"", ""likely_cause"": ""Possible damage/wastage""}",47ff49c863eb99adbef6c6f3c9e5ac0c3c2c88883aea7d293f9e07aff2bdd862,397e19deab93401c52590bfdf2a0f4533a007df47f55fd9b9f66db209500595d
146,2026-08-12 06:27:05,shrinkage_flag,"{""warehouse_id"": ""WH-CHN-01"", ""item_id"": ""ITM-HDD-01"", ""date"": ""2026-08-06"", ""likely_cause"": ""Possible shrinkage / theft""}",397e19deab93401c52590bfdf2a0f4533a007df47f55fd9b9f66db209500595d,999c2b4dca28d2dd1b2e3b20904deeda1fb9e82c7ca1a3a8b136d62e0a11a6c4
147,2026-08-12 06:27:05,shrinkage_flag,"{""warehouse_id"": ""WH-CHN-01"", ""item_id"": ""ITM-RAM-01"", ""date"": ""2026-08-07"", ""likely_cause"": ""Possible damage/wastage""}",999c2b4dca28d2dd1b2e3b20904deeda1fb9e82c7ca1a3a8b136d62e0a11a6c4,aba58ad5f22015cab944395cb1ccc707c68b60b12c3c632e0462acde3837fcfe
148,2026-08-12 06:27:05,shrinkage_flag,"{""warehouse_id"": ""WH-CHN-01"", ""item_id"": ""ITM-RAM-01"", ""date"": ""2026-08-11"", ""likely_cause"": ""Possible damage/wastage""}",aba58ad5f22015cab944395cb1ccc707c68b60b12c3c632e0462acde3837fcfe,34f7c295f7c5927aff444dc9f103af9ae10aaaecce2c28bbbe9f111aca8479fc
149,2026-08-12 06:27:05,shrinkage_flag,"{""warehouse_id"": ""WH-CHN-01"", ""item_id"": ""ITM-SSD-01"", ""date"": ""2026-07-30"", ""likely_cause"": ""Possible damage/wastage""}",34f7c295f7c5927aff444dc9f103af9ae10aaaecce2c28bbbe9f111aca8479fc,74c87c43bfe8df986d17f05ce1f0eab4bc4e5a2a592e0e1ba5c583fa527662e3
150,2026-08-12 06:27:05,shrinkage_flag,"{""warehouse_id"": ""WH-CHN-01"", ""item_id"": ""ITM-SSD-01"", ""date"": ""2026-08-06"", ""likely_cause"": ""Possible shrinkage / theft""}",74c87c43bfe8df986d17f05ce1f0eab4bc4e5a2a592e0e1ba5c583fa527662e3,f9168f9074c50a7b7a49417cf08da11b3927408d2e5f07a9c302c3f7c03eaeb6
151,2026-08-12 06:27:05,shrinkage_flag,"{""warehouse_id"": ""WH-DEL-01"", ""item_id"": ""ITM-CBL-01"", ""date"": ""2026-07-30"", ""likely_cause"": ""Possible damage/wastage""}",f9168f9074c50a7b7a49417cf08da11b3927408d2e5f07a9c302c3f7c03eaeb6,00ec83a70c8dc34acb101e9eb22841dec880c9ed8d341842e4f4e9c238f63c36
152,2026-08-12 06:27:05,shrinkage_flag,"{""warehouse_id"": ""WH-DEL-01"", ""item_id"": ""ITM-CBL-01"", ""date"": ""2026-08-10"", ""likely_cause"": ""Possible damage/wastage""}",00ec83a70c8dc34acb101e9eb22841dec880c9ed8d341842e4f4e9c238f63c36,49dc4808f075e744109ba391fd6589e70d89b189f852ab6b51d74ebd494e4217
153,2026-08-12 06:27:05,shrinkage_flag,"{""warehouse_id"": ""WH-DEL-01"", ""item_id"": ""ITM-CHG-01"", ""date"": ""2026-07-13"", ""likely_cause"": ""Possible damage/wastage""}",49dc4808f075e744109ba391fd6589e70d89b189f852ab6b51d74ebd494e4217,2eefd180de65e39ce63177f4dc2f914b1f4654d1c9cd7447d3b8a5b79e7e2341
154,2026-08-12 06:27:05,shrinkage_flag,"{""warehouse_id"": ""WH-DEL-01"", ""item_id"": ""ITM-CHG-01"", ""date"": ""2026-07-19"", ""likely_cause"": ""Possible damage/wastage""}",2eefd180de65e39ce63177f4dc2f914b1f4654d1c9cd7447d3b8a5b79e7e2341,9116e3f8e3df777c80917c8a3f5b07c713c2b54de79bb7139d923b7d1d12cbfa
155,2026-08-12 06:27:05,shrinkage_flag,"{""warehouse_id"": ""WH-DEL-01"", ""item_id"": ""ITM-CPU-01"", ""date"": ""2026-07-19"", ""likely_cause"": ""Possible damage/wastage""}",9116e3f8e3df777c80917c8a3f5b07c713c2b54de79bb7139d923b7d1d12cbfa,9e8c0dcd210060ad334d13c20f142af4d9e4c48e40d82efc180a95821acbb17e
156,2026-08-12 06:27:05,shrinkage_flag,"{""warehouse_id"": ""WH-DEL-01"", ""item_id"": ""ITM-CPU-01"", ""date"": ""2026-07-27"", ""likely_cause"": ""Possible damage/wastage""}",9e8c0dcd210060ad334d13c20f142af4d9e4c48e40d82efc180a95821acbb17e,42ec6634dbf670429fa03783a3cb59ac673116c7f18d1c38f7d5f40d8b580d2b
157,2026-08-12 06:27:05,shrinkage_flag,"{""warehouse_id"": ""WH-DEL-01"", ""item_id"": ""ITM-GPU-01"", ""date"": ""2026-07-27"", ""likely_cause"": ""Possible damage/wastage""}",42ec6634dbf670429fa03783a3cb59ac673116c7f18d1c38f7d5f40d8b580d2b,78114a116e97123c1bb895087cb9b1ff25bd4b6f0c4f3426ce9adbd8a79b241d
158,2026-08-12 06:27:05,shrinkage_flag,"{""warehouse_id"": ""WH-DEL-01"", ""item_id"": ""ITM-GPU-01"", ""date"": ""2026-08-07"", ""likely_cause"": ""Possible shrinkage / theft""}",78114a116e97123c1bb895087cb9b1ff25bd4b6f0c4f3426ce9adbd8a79b241d,e5d4124681a85752145242a2a83ffe7cdfccc99b4159f72b6c5e4ec5e1ae9081
159,2026-08-12 06:27:05,shrinkage_flag,"{""warehouse_id"": ""WH-DEL-01"", ""item_id"": ""ITM-HDD-01"", ""date"": ""2026-07-25"", ""likely_cause"": ""Possible shrinkage / theft""}",e5d4124681a85752145242a2a83ffe7cdfccc99b4159f72b6c5e4ec5e1ae9081,8cab9091be702cd5ebfeabbd5d688f5f55510a11cbcb80fc333b271da123de88
160,2026-08-12 06:27:05,shrinkage_flag,"{""warehouse_id"": ""WH-DEL-01"", ""item_id"": ""ITM-HDD-01"", ""date"": ""2026-08-05"", ""likely_cause"": ""Possible damage/wastage""}",8cab9091be702cd5ebfeabbd5d688f5f55510a11cbcb80fc333b271da123de88,4c5f74e6302536f9a9b180af2db4e9b7b89af565886da86a58c908bc480af981
161,2026-08-12 06:27:05,shrinkage_flag,"{""warehouse_id"": ""WH-DEL-01"", ""item_id"": ""ITM-RAM-01"", ""date"": ""2026-07-31"", ""likely_cause"": ""Possible damage/wastage""}",4c5f74e6302536f9a9b180af2db4e9b7b89af565886da86a58c908bc480af981,42fef606a40b8fff166b3fd02cf6d8834936f526ce2a558afd0d1e380e1ff5a7
162,2026-08-12 06:27:05,shrinkage_flag,"{""warehouse_id"": ""WH-DEL-01"", ""item_id"": ""ITM-RAM-01"", ""date"": ""2026-08-08"", ""likely_cause"": ""Possible damage/wastage""}",42fef606a40b8fff166b3fd02cf6d8834936f526ce2a558afd0d1e380e1ff5a7,515182dab6fd4e53840dc6a7ba4d8330538e0330a5020385d82b4672ed4e7033
163,2026-08-12 06:27:05,shrinkage_flag,"{""warehouse_id"": ""WH-DEL-01"", ""item_id"": ""ITM-SSD-01"", ""date"": ""2026-07-26"", ""likely_cause"": ""Possible damage/wastage""}",515182dab6fd4e53840dc6a7ba4d8330538e0330a5020385d82b4672ed4e7033,9234ae87f176ccac997a729f17acf380105c13251fdabf0e4063dea47dbfcc3b
164,2026-08-12 06:27:05,shrinkage_flag,"{""warehouse_id"": ""WH-DEL-01"", ""item_id"": ""ITM-SSD-01"", ""date"": ""2026-08-06"", ""likely_cause"": ""Possible shrinkage / theft""}",9234ae87f176ccac997a729f17acf380105c13251fdabf0e4063dea47dbfcc3b,e3648a0fb59a4ee5afb7793e74171d0557ffa62d6a94a9de47b8e0d9c6c0872b
165,2026-08-12 07:09:44,cloud_backup,"{""triggered_by"": ""admin"", ""bucket"": ""Local storage (Fallback)"", ""file_key"": ""data/backups/backup-20260812-070944.json"", ""size_kb"": 443.1, ""mode"": ""Local Fallback (Demo)"", ""message"": ""AWS keys unconfigured/invalid. Saved local backup copy to project: data/backups/backup-20260812-070944.json""}",e3648a0fb59a4ee5afb7793e74171d0557ffa62d6a94a9de47b8e0d9c6c0872b,1cfbff3d2e7c026da73837cef73b14d3d217baf51f3bdfe5c3639eed36593c94
166,2026-08-12 08:24:59,cloud_backup,"{""triggered_by"": ""admin"", ""bucket"": ""Local storage (Fallback)"", ""file_key"": ""data/backups/backup-20260812-082459.json"", ""size_kb"": 443.9, ""mode"": ""Local Fallback (Demo)"", ""message"": ""AWS keys unconfigured/invalid. Saved local backup copy to project: data/backups/backup-20260812-082459.json""}",1cfbff3d2e7c026da73837cef73b14d3d217baf51f3bdfe5c3639eed36593c94,c4798a2dee2ae4835b761ec85e420cfd6e753669e71672a1e49e44ad07ce1d09
167,2026-08-12 08:25:27,cloud_backup,"{""triggered_by"": ""admin"", ""bucket"": ""Local storage (Fallback)"", ""file_key"": ""data/backups/backup-20260812-082527.json"", ""size_kb"": 444.5, ""mode"": ""Local Fallback (Demo)"", ""message"": ""AWS keys unconfigured/invalid. Saved local backup copy to project: data/backups/backup-20260812-082527.json""}",c4798a2dee2ae4835b761ec85e420cfd6e753669e71672a1e49e44ad07ce1d09,8c9d64e69226225c60179559d6f0e122388f68e9e9c8f01c596723f9f49e5be8
168,2026-08-12 14:08:38,auto_cloud_backup,"{""day"": 1, ""bucket"": ""Local storage (Fallback)"", ""file_key"": ""data/backups/backup-20260812-140838.json"", ""size_kb"": 446.2, ""mode"": ""Local Fallback (Demo)"", ""message"": ""AWS keys unconfigured/invalid. Saved local backup copy to project: data/backups/backup-20260812-140838.json""}",8c9d64e69226225c60179559d6f0e122388f68e9e9c8f01c596723f9f49e5be8,8b13290139b2787afac05d673f8972983f2551a2495c7a7a23604023f0ac1459
169,2026-08-12 14:09:50,cloud_backup,"{""triggered_by"": ""harsha200797@gmail.com"", ""bucket"": ""Local storage (Fallback)"", ""file_key"": ""data/backups/backup-20260812-140950.json"", ""size_kb"": 446.8, ""mode"": ""Local Fallback (Demo)"", ""message"": ""AWS keys unconfigured/invalid. Saved local backup copy to project: data/backups/backup-20260812-140950.json""}",8b13290139b2787afac05d673f8972983f2551a2495c7a7a23604023f0ac1459,2e0711e7f9fd2373c60d853a86070e38bcedfaf6140cf496880c308ec2b51571
170,2026-08-12 14:18:41,cloud_backup,"{""triggered_by"": ""harsha200797@gmail.com"", ""bucket"": ""Local storage (Fallback)"", ""file_key"": ""data/backups/backup-20260812-141841.json"", ""size_kb"": 447.4, ""mode"": ""Local Fallback (Demo)"", ""message"": ""AWS keys unconfigured/invalid. Saved local backup copy to project: data/backups/backup-20260812-141841.json""}",2e0711e7f9fd2373c60d853a86070e38bcedfaf6140cf496880c308ec2b51571,8bced518a0441fdeb7801544375b54e12c7677a7271474844cf3c0eb8166649d
171,2026-08-12 14:43:43,cloud_backup,"{""triggered_by"": ""harsha200797@gmail.com"", ""bucket"": ""Local storage (Fallback)"", ""file_key"": ""data/backups/backup-20260812-144343.json"", ""size_kb"": 448.0, ""mode"": ""Local Fallback (Demo)"", ""message"": ""AWS keys unconfigured/invalid. Saved local backup copy to project: data/backups/backup-20260812-144343.json""}",8bced518a0441fdeb7801544375b54e12c7677a7271474844cf3c0eb8166649d,463b8a64ad741550437effe48d877dcf2f9cab67c780e1153afb5bed470c0ba0
172,2026-08-12 15:24:58,cloud_backup,"{""triggered_by"": ""admin"", ""bucket"": ""harsha-warehouse-backups"", ""file_key"": ""warehouse-backups/backup-20260812-152450.json"", ""size_kb"": 448.8, ""mode"": ""AWS S3 Cloud"", ""message"": ""Successfully uploaded backup to S3 bucket: s3://harsha-warehouse-backups/warehouse-backups/backup-20260812-152450.json""}",463b8a64ad741550437effe48d877dcf2f9cab67c780e1153afb5bed470c0ba0,783220744831a0fb0229e5ad69cd0f95a467aa25072e05f1552577ec7d323df4
173,2026-08-12 15:25:53,cloud_backup,"{""triggered_by"": ""admin"", ""bucket"": ""harsha-warehouse-backups"", ""file_key"": ""warehouse-backups/backup-20260812-152532.json"", ""size_kb"": 449.4, ""mode"": ""AWS S3 Cloud"", ""message"": ""Successfully uploaded backup to S3 bucket: s3://harsha-warehouse-backups/warehouse-backups/backup-20260812-152532.json""}",783220744831a0fb0229e5ad69cd0f95a467aa25072e05f1552577ec7d323df4,90e0e01541b610039b3785e00c87d37b17cf252bb82b520e76e8e873dec91ede
174,2026-08-12 15:27:07,cloud_backup,"{""triggered_by"": ""admin"", ""bucket"": ""harsha-warehouse-backups"", ""file_key"": ""warehouse-backups/backup-20260812-152648.json"", ""size_kb"": 450.0, ""mode"": ""AWS S3 Cloud"", ""message"": ""Successfully uploaded backup to S3 bucket: s3://harsha-warehouse-backups/warehouse-backups/backup-20260812-152648.json""}",90e0e01541b610039b3785e00c87d37b17cf252bb82b520e76e8e873dec91ede,1bf006e44454823561e3a6d6eabe3f2588e83fec91c3a48bbf4d050ad86d433a
175,2026-08-13 02:41:13,warehouse_created,"{""warehouse_id"": ""WH-BLR-01"", ""name"": ""Bangalore Fulfillment Center""}",1bf006e44454823561e3a6d6eabe3f2588e83fec91c3a48bbf4d050ad86d433a,cfae1ffab5dd4d788eb5c406cbefdb2b6ffbc8a6b5ca077483af7b162d51750b
176,2026-08-13 02:41:13,warehouse_created,"{""warehouse_id"": ""WH-CHN-01"", ""name"": ""Chennai Port Logistics Hub""}",cfae1ffab5dd4d788eb5c406cbefdb2b6ffbc8a6b5ca077483af7b162d51750b,a879d63f0079fc1658baed43698a3e872c0e95d208dabe0bbe08907e51cbd0cc
177,2026-08-13 02:41:13,warehouse_created,"{""warehouse_id"": ""WH-BOM-01"", ""name"": ""Mumbai Container Terminal""}",a879d63f0079fc1658baed43698a3e872c0e95d208dabe0bbe08907e51cbd0cc,7b133496565293f91eba475d5fb2d38e7ac9799ba7a0e4bf9a17fb2ac7dacdb3
178,2026-08-13 02:41:13,warehouse_created,"{""warehouse_id"": ""WH-DEL-01"", ""name"": ""Delhi NCR Logistics Park""}",7b133496565293f91eba475d5fb2d38e7ac9799ba7a0e4bf9a17fb2ac7dacdb3,64e4f4d8892e294da34dc1e97a396673466f00f83b99d389c3683cc977996167
179,2026-08-13 02:41:13,warehouse_created,"{""warehouse_id"": ""WH-CCU-01"", ""name"": ""Kolkata Gateway Depot""}",64e4f4d8892e294da34dc1e97a396673466f00f83b99d389c3683cc977996167,14005dbe8425c668dfc4d8a25d2439240704d2bcb2220a47e11783ecf6fdae58
180,2026-08-13 02:41:13,item_created,"{""item_id"": ""ITM-CPU-01"", ""name"": ""AMD Ryzen 9 7900X Processor""}",14005dbe8425c668dfc4d8a25d2439240704d2bcb2220a47e11783ecf6fdae58,58385ef3127faa831d54e389f621827b2571f2b63f962ea338ab3ea53ffd6389
181,2026-08-13 02:41:13,item_created,"{""item_id"": ""ITM-GPU-01"", ""name"": ""Nvidia RTX 4080 Founders Edition""}",58385ef3127faa831d54e389f621827b2571f2b63f962ea338ab3ea53ffd6389,1ba76a2edce4dc19b43744d52efc50dbc6aeaa723864b6da2db2fb9dfba5fd9e
182,2026-08-13 02:41:13,item_created,"{""item_id"": ""ITM-RAM-01"", ""name"": ""Corsair DDR5 32GB 6000MHz RAM""}",1ba76a2edce4dc19b43744d52efc50dbc6aeaa723864b6da2db2fb9dfba5fd9e,a4948a485002e7de0968797e204f0355e2ec251d98bb3b79ad5798fb3aa89f8d
183,2026-08-13 02:41:13,item_created,"{""item_id"": ""ITM-SSD-01"", ""name"": ""Samsung 990 Pro 2TB NVMe SSD""}",a4948a485002e7de0968797e204f0355e2ec251d98bb3b79ad5798fb3aa89f8d,4dd3392763a1da5dd3b4e3b73dc73d1d90959621694541a211d0edf8cbc739f3
184,2026-08-13 02:41:13,item_created,"{""item_id"": ""ITM-HDD-01"", ""name"": ""WD Red Pro 8TB NAS Hard Drive""}",4dd3392763a1da5dd3b4e3b73dc73d1d90959621694541a211d0edf8cbc739f3,701a68d9d0ae22c1eaf7c5bc04a28c686c8820996d43780819bed1bc0fc1dce8
185,2026-08-13 02:41:13,item_created,"{""item_id"": ""ITM-CHG-01"", ""name"": ""Anker 100W GaN Wall Charger""}",701a68d9d0ae22c1eaf7c5bc04a28c686c8820996d43780819bed1bc0fc1dce8,a11b10e9cc159a1a466d53c33d8499b980c240c45373bf891b4b9cc270edf2d8
186,2026-08-13 02:41:13,item_created,"{""item_id"": ""ITM-CBL-01"", ""name"": ""Apple USB-C Braided Cable 2m""}",a11b10e9cc159a1a466d53c33d8499b980c240c45373bf891b4b9cc270edf2d8,aec9dce7d1fea3fbfb4a0f04b2d3928f6ff28e3796d0cb21e7c3e1244955e834
187,2026-08-13 02:41:13,simulated_restock,"{""warehouse_id"": ""WH-CHN-01"", ""item_id"": ""ITM-RAM-01"", ""quantity"": 75, ""date"": ""2026-07-19""}",aec9dce7d1fea3fbfb4a0f04b2d3928f6ff28e3796d0cb21e7c3e1244955e834,e450e61d9ecaf4199ed3e76b81568ddc1462d1c09692674b702efc0fcaac40fe
188,2026-08-13 02:41:13,simulated_restock,"{""warehouse_id"": ""WH-DEL-01"", ""item_id"": ""ITM-RAM-01"", ""quantity"": 75, ""date"": ""2026-07-19""}",e450e61d9ecaf4199ed3e76b81568ddc1462d1c09692674b702efc0fcaac40fe,2e609d5328d4975cac34f3a93c70806992158468e3ad1de2b8c237bec566d15d
189,2026-08-13 02:41:13,simulated_restock,"{""warehouse_id"": ""WH-BLR-01"", ""item_id"": ""ITM-RAM-01"", ""quantity"": 75, ""date"": ""2026-07-21""}",2e609d5328d4975cac34f3a93c70806992158468e3ad1de2b8c237bec566d15d,0fd0ceede366f3008b1501f374afe6a6b04c8c7cad43bfa8e1ef17f412991133
190,2026-08-13 02:41:13,simulated_restock,"{""warehouse_id"": ""WH-CCU-01"", ""item_id"": ""ITM-RAM-01"", ""quantity"": 75, ""date"": ""2026-07-22""}",0fd0ceede366f3008b1501f374afe6a6b04c8c7cad43bfa8e1ef17f412991133,d639d88fe88497d3b148d1626ea4081fca4ce85a3e4749dd9cca0834534e4be9
191,2026-08-13 02:41:13,simulated_restock,"{""warehouse_id"": ""WH-BOM-01"", ""item_id"": ""ITM-RAM-01"", ""quantity"": 75, ""date"": ""2026-07-24""}",d639d88fe88497d3b148d1626ea4081fca4ce85a3e4749dd9cca0834534e4be9,fb5cf38a01be956c787a61fa36659f257f673b61944d664edcadf927cb084ab3
192,2026-08-13 02:41:13,simulated_restock,"{""warehouse_id"": ""WH-CHN-01"", ""item_id"": ""ITM-CPU-01"", ""quantity"": 45, ""date"": ""2026-07-26""}",fb5cf38a01be956c787a61fa36659f257f673b61944d664edcadf927cb084ab3,3924add6d567083abbf2c5b6fb0007a565893ce6126a9babaa4bf8d17eb3335b
193,2026-08-13 02:41:13,simulated_restock,"{""warehouse_id"": ""WH-DEL-01"", ""item_id"": ""ITM-CPU-01"", ""quantity"": 45, ""date"": ""2026-07-26""}",3924add6d567083abbf2c5b6fb0007a565893ce6126a9babaa4bf8d17eb3335b,142cf1504609957c10050395e67d4ad46832ca36ff1091b04ba05be06056c2a7
194,2026-08-13 02:41:13,simulated_restock,"{""warehouse_id"": ""WH-CHN-01"", ""item_id"": ""ITM-CHG-01"", ""quantity"": 150, ""date"": ""2026-07-27""}",142cf1504609957c10050395e67d4ad46832ca36ff1091b04ba05be06056c2a7,26a96269d6d7bda8c0a6d88804f8379a8d45efd53406d852f299398bc308027c
195,2026-08-13 02:41:13,simulated_restock,"{""warehouse_id"": ""WH-DEL-01"", ""item_id"": ""ITM-CHG-01"", ""quantity"": 150, ""date"": ""2026-07-27""}",26a96269d6d7bda8c0a6d88804f8379a8d45efd53406d852f299398bc308027c,0b755ff80114b3cc7fc3ca3bc53598f42beac95df76494c913981d147cb6b163
196,2026-08-13 02:41:13,simulated_restock,"{""warehouse_id"": ""WH-CCU-01"", ""item_id"": ""ITM-CHG-01"", ""quantity"": 150, ""date"": ""2026-07-27""}",0b755ff80114b3cc7fc3ca3bc53598f42beac95df76494c913981d147cb6b163,a35da825c537a7d8a9dfeedc5c7e0a3f3a1fbf8db104685fe0f8dae301f34d4e
197,2026-08-13 02:41:13,simulated_restock,"{""warehouse_id"": ""WH-BLR-01"", ""item_id"": ""ITM-CHG-01"", ""quantity"": 150, ""date"": ""2026-07-28""}",a35da825c537a7d8a9dfeedc5c7e0a3f3a1fbf8db104685fe0f8dae301f34d4e,423f54046193690fd97c01f6c554b18a6d3298a6b2475e842f72dedbff33ca85
198,2026-08-13 02:41:13,simulated_restock,"{""warehouse_id"": ""WH-BOM-01"", ""item_id"": ""ITM-CPU-01"", ""quantity"": 45, ""date"": ""2026-07-29""}",423f54046193690fd97c01f6c554b18a6d3298a6b2475e842f72dedbff33ca85,10804b359ab33a5c53b70786303f9b6166d07235d0f20bf0cfaec1c7c6f740b2
199,2026-08-13 02:41:13,simulated_restock,"{""warehouse_id"": ""WH-BOM-01"", ""item_id"": ""ITM-CHG-01"", ""quantity"": 150, ""date"": ""2026-07-29""}",10804b359ab33a5c53b70786303f9b6166d07235d0f20bf0cfaec1c7c6f740b2,0ca850367d39598e60f3ac63bdb42f31282c813a442651f8ecb4a58d02257816
200,2026-08-13 02:41:13,simulated_restock,"{""warehouse_id"": ""WH-DEL-01"", ""item_id"": ""ITM-GPU-01"", ""quantity"": 30, ""date"": ""2026-07-29""}",0ca850367d39598e60f3ac63bdb42f31282c813a442651f8ecb4a58d02257816,985b001bbea6df5d8e456914c7d6bd4c779a59f0a9cf64794f9f1b546fbedbf7
201,2026-08-13 02:41:13,simulated_restock,"{""warehouse_id"": ""WH-BLR-01"", ""item_id"": ""ITM-CPU-01"", ""quantity"": 45, ""date"": ""2026-08-01""}",985b001bbea6df5d8e456914c7d6bd4c779a59f0a9cf64794f9f1b546fbedbf7,899f04f4e59999a67dc30e11ab4803321a3117df5873e427863997b83536a350
202,2026-08-13 02:41:13,simulated_restock,"{""warehouse_id"": ""WH-CHN-01"", ""item_id"": ""ITM-RAM-01"", ""quantity"": 75, ""date"": ""2026-08-01""}",899f04f4e59999a67dc30e11ab4803321a3117df5873e427863997b83536a350,cb3d6979f158155d4120147389863cd7a205a977eb581dbd3aabbe655373a1f5
203,2026-08-13 02:41:13,simulated_restock,"{""warehouse_id"": ""WH-BOM-01"", ""item_id"": ""ITM-GPU-01"", ""quantity"": 30, ""date"": ""2026-08-02""}",cb3d6979f158155d4120147389863cd7a205a977eb581dbd3aabbe655373a1f5,12282a91f9004d965cc6c075f8fcb15f02035a941ce2e08187cf88f71aa63b60
204,2026-08-13 02:41:13,simulated_restock,"{""warehouse_id"": ""WH-BOM-01"", ""item_id"": ""ITM-RAM-01"", ""quantity"": 75, ""date"": ""2026-08-03""}",12282a91f9004d965cc6c075f8fcb15f02035a941ce2e08187cf88f71aa63b60,f633dfcdbb15cf97e905145841e0aba32740a8c6fd84d5152faee12de1d2aef0
205,2026-08-13 02:41:13,simulated_restock,"{""warehouse_id"": ""WH-DEL-01"", ""item_id"": ""ITM-RAM-01"", ""quantity"": 75, ""date"": ""2026-08-03""}",f633dfcdbb15cf97e905145841e0aba32740a8c6fd84d5152faee12de1d2aef0,bb7e9cf7dcc7b6090e299429906fb585560333561ffff7cd1f4f17e8ad883c4b
206,2026-08-13 02:41:13,simulated_restock,"{""warehouse_id"": ""WH-CCU-01"", ""item_id"": ""ITM-RAM-01"", ""quantity"": 75, ""date"": ""2026-08-03""}",bb7e9cf7dcc7b6090e299429906fb585560333561ffff7cd1f4f17e8ad883c4b,613fd0ffeb1c4235db421b25838674428666fef33d9e167b155f6e733eb9cd89
207,2026-08-13 02:41:13,simulated_restock,"{""warehouse_id"": ""WH-BLR-01"", ""item_id"": ""ITM-HDD-01"", ""quantity"": 60, ""date"": ""2026-08-04""}",613fd0ffeb1c4235db421b25838674428666fef33d9e167b155f6e733eb9cd89,54fda2bbf8cd1e5c0eb9dd2bfc1713523b3ab0c7795bd9a2a59369965f981c89
208,2026-08-13 02:41:13,simulated_restock,"{""warehouse_id"": ""WH-DEL-01"", ""item_id"": ""ITM-HDD-01"", ""quantity"": 60, ""date"": ""2026-08-04""}",54fda2bbf8cd1e5c0eb9dd2bfc1713523b3ab0c7795bd9a2a59369965f981c89,54391ed22184eab16e15357fd57f3f2b8f29485ce6c39add2964b676c2b9fdec
209,2026-08-13 02:41:13,simulated_restock,"{""warehouse_id"": ""WH-BLR-01"", ""item_id"": ""ITM-RAM-01"", ""quantity"": 75, ""date"": ""2026-08-05""}",54391ed22184eab16e15357fd57f3f2b8f29485ce6c39add2964b676c2b9fdec,6b7244dea686b918f08a7c7b04df058ac25d6e263ba696e1b2967abd2954d314
210,2026-08-13 02:41:13,simulated_restock,"{""warehouse_id"": ""WH-CHN-01"", ""item_id"": ""ITM-GPU-01"", ""quantity"": 30, ""date"": ""2026-08-05""}",6b7244dea686b918f08a7c7b04df058ac25d6e263ba696e1b2967abd2954d314,9ff57ba9186c5855dace4f8b78c95031d94062ac33dfafe9a5c06e76b7c5c8bd
211,2026-08-13 02:41:13,simulated_restock,"{""warehouse_id"": ""WH-BLR-01"", ""item_id"": ""ITM-GPU-01"", ""quantity"": 30, ""date"": ""2026-08-06""}",9ff57ba9186c5855dace4f8b78c95031d94062ac33dfafe9a5c06e76b7c5c8bd,3870c10f6ff31aaa88269be640d7cc19ea1cfea33470ba07bfb4b4c14123f0be
212,2026-08-13 02:41:13,simulated_restock,"{""warehouse_id"": ""WH-CCU-01"", ""item_id"": ""ITM-CPU-01"", ""quantity"": 45, ""date"": ""2026-08-06""}",3870c10f6ff31aaa88269be640d7cc19ea1cfea33470ba07bfb4b4c14123f0be,aa7e8f8052b6158554efc415080391d1da048b8ffc2dbd25f7dbefbbfcf1be80
213,2026-08-13 02:41:13,simulated_restock,"{""warehouse_id"": ""WH-CCU-01"", ""item_id"": ""ITM-CBL-01"", ""quantity"": 300, ""date"": ""2026-08-06""}",aa7e8f8052b6158554efc415080391d1da048b8ffc2dbd25f7dbefbbfcf1be80,a92b30b019968b9cdd841fb7a8c5995a068c11d3a9eebf169089526acb6f66bc
214,2026-08-13 02:41:13,simulated_restock,"{""warehouse_id"": ""WH-BLR-01"", ""item_id"": ""ITM-CBL-01"", ""quantity"": 300, ""date"": ""2026-08-08""}",a92b30b019968b9cdd841fb7a8c5995a068c11d3a9eebf169089526acb6f66bc,53b5ee41be72fb63d04cfaf0f9875ee3f8638f2fe21090b1a8be0ea3570541a9
215,2026-08-13 02:41:13,simulated_restock,"{""warehouse_id"": ""WH-CCU-01"", ""item_id"": ""ITM-HDD-01"", ""quantity"": 60, ""date"": ""2026-08-09""}",53b5ee41be72fb63d04cfaf0f9875ee3f8638f2fe21090b1a8be0ea3570541a9,c9cd9bae27735c78b45a2dbb065b8fe919344515c09247195f644e9789bde23c
216,2026-08-13 02:41:13,simulated_restock,"{""warehouse_id"": ""WH-CHN-01"", ""item_id"": ""ITM-HDD-01"", ""quantity"": 60, ""date"": ""2026-08-10""}",c9cd9bae27735c78b45a2dbb065b8fe919344515c09247195f644e9789bde23c,30faef6dc61b248a8557b81006251cf1c07795a3aa2615faad659e736a3b0399
217,2026-08-13 02:41:13,simulated_restock,"{""warehouse_id"": ""WH-CHN-01"", ""item_id"": ""ITM-CBL-01"", ""quantity"": 300, ""date"": ""2026-08-11""}",30faef6dc61b248a8557b81006251cf1c07795a3aa2615faad659e736a3b0399,505aa9f30a6483504a9c523d03e232a9d5547ec89cb517e850564c000d55e8ad
218,2026-08-13 02:41:14,simulated_restock,"{""warehouse_id"": ""WH-BOM-01"", ""item_id"": ""ITM-CBL-01"", ""quantity"": 300, ""date"": ""2026-08-11""}",505aa9f30a6483504a9c523d03e232a9d5547ec89cb517e850564c000d55e8ad,d6c921a13d0b3b5be694e9c22f415fb3e1af6cafd9eb88aa1158674aa238d431
219,2026-08-13 02:41:14,shrinkage_flag,"{""warehouse_id"": ""WH-BLR-01"", ""item_id"": ""ITM-GPU-01"", ""likely_cause"": ""Possible shrinkage / theft""}",d6c921a13d0b3b5be694e9c22f415fb3e1af6cafd9eb88aa1158674aa238d431,65d3219916589f22812c9820c6976cb4eb20a2c686b45b9e05701e7cae7ca851
220,2026-08-13 02:41:14,shrinkage_flag,"{""warehouse_id"": ""WH-CHN-01"", ""item_id"": ""ITM-CPU-01"", ""likely_cause"": ""Damaged during offloading / scrap""}",65d3219916589f22812c9820c6976cb4eb20a2c686b45b9e05701e7cae7ca851,5a85d2413564fbd4c4d7ef32f371b1e077e79a1f7d2eb06fdada94365ff3b734
221,2026-08-13 02:42:24,auto_cloud_backup,"{""day"": 2, ""bucket"": ""harsha-warehouse-backups"", ""file_key"": ""warehouse-backups/backup-20260813-024215.json"", ""size_kb"": 442.5, ""mode"": ""AWS S3 Cloud"", ""message"": ""Successfully uploaded backup to S3 bucket: s3://harsha-warehouse-backups/warehouse-backups/backup-20260813-024215.json""}",5a85d2413564fbd4c4d7ef32f371b1e077e79a1f7d2eb06fdada94365ff3b734,e32fd019fa65ccb12eb56e15db56948753df5d9cd9aef9a0db466db1845a3ecb
222,2026-08-13 05:25:02,warehouse_created,"{""warehouse_id"": ""WH-BLR-01"", ""name"": ""Bangalore Fulfillment Center""}",e32fd019fa65ccb12eb56e15db56948753df5d9cd9aef9a0db466db1845a3ecb,b0d7d0fc91746b16c9957fa58634575e0f702f68147ffcc790b547ae63d82356
223,2026-08-13 05:25:02,warehouse_created,"{""warehouse_id"": ""WH-CHN-01"", ""name"": ""Chennai Port Logistics Hub""}",b0d7d0fc91746b16c9957fa58634575e0f702f68147ffcc790b547ae63d82356,02d49de98ccdd40d9ad5da326d4746eb88186e600f3576cc1bf22a3ded050d19
224,2026-08-13 05:25:02,warehouse_created,"{""warehouse_id"": ""WH-BOM-01"", ""name"": ""Mumbai Container Terminal""}",02d49de98ccdd40d9ad5da326d4746eb88186e600f3576cc1bf22a3ded050d19,8deae79de1fb214875af82f3e88b4bfc4f546187bc4d0020fe80423143058e28
225,2026-08-13 05:25:02,warehouse_created,"{""warehouse_id"": ""WH-DEL-01"", ""name"": ""Delhi NCR Logistics Park""}",8deae79de1fb214875af82f3e88b4bfc4f546187bc4d0020fe80423143058e28,442e9f4fde961dcb1c53460d42c0bd7d28ede9cc923fd3780b4fff565eb8d0b0
226,2026-08-13 05:25:02,warehouse_created,"{""warehouse_id"": ""WH-CCU-01"", ""name"": ""Kolkata Gateway Depot""}",442e9f4fde961dcb1c53460d42c0bd7d28ede9cc923fd3780b4fff565eb8d0b0,69c7304a835bffbff0c78cbd72443afee6dcf206c4ea39b7346e471a868b01fb
227,2026-08-13 05:25:02,item_created,"{""item_id"": ""ITM-CPU-01"", ""name"": ""AMD Ryzen 9 7900X Processor""}",69c7304a835bffbff0c78cbd72443afee6dcf206c4ea39b7346e471a868b01fb,8c831767f55ac2f7813a0d7176b9e7e86a2fab9e31be3bd21f11a4cf96a7ac0c
228,2026-08-13 05:25:02,item_created,"{""item_id"": ""ITM-GPU-01"", ""name"": ""Nvidia RTX 4080 Founders Edition""}",8c831767f55ac2f7813a0d7176b9e7e86a2fab9e31be3bd21f11a4cf96a7ac0c,2b3b81942feaaf0df68443786bbf1a42dedc1e5cf29bd4b6fdb7cbad35ba8940
229,2026-08-13 05:25:02,item_created,"{""item_id"": ""ITM-RAM-01"", ""name"": ""Corsair DDR5 32GB 6000MHz RAM""}",2b3b81942feaaf0df68443786bbf1a42dedc1e5cf29bd4b6fdb7cbad35ba8940,ae586f90d27d2e1711de1c682dd788e7b8c5c42f8443436270a57cc14ba8a12a
230,2026-08-13 05:25:02,item_created,"{""item_id"": ""ITM-SSD-01"", ""name"": ""Samsung 990 Pro 2TB NVMe SSD""}",ae586f90d27d2e1711de1c682dd788e7b8c5c42f8443436270a57cc14ba8a12a,5e5347310f7c83b1216cb56b239143ba6bd6d0e080eda4d00064289e0500d558
231,2026-08-13 05:25:02,item_created,"{""item_id"": ""ITM-HDD-01"", ""name"": ""WD Red Pro 8TB NAS Hard Drive""}",5e5347310f7c83b1216cb56b239143ba6bd6d0e080eda4d00064289e0500d558,9771b72b58ef2de324c5acf8edac7afe36ee10581dafccf312d009e44cae5641
232,2026-08-13 05:25:02,item_created,"{""item_id"": ""ITM-CHG-01"", ""name"": ""Anker 100W GaN Wall Charger""}",9771b72b58ef2de324c5acf8edac7afe36ee10581dafccf312d009e44cae5641,23953ce8147fd95e47281ec343eea1484e4321bbc8f1a4f8a3af219076170e9c
233,2026-08-13 05:25:02,item_created,"{""item_id"": ""ITM-CBL-01"", ""name"": ""Apple USB-C Braided Cable 2m""}",23953ce8147fd95e47281ec343eea1484e4321bbc8f1a4f8a3af219076170e9c,6b05824522bca1aabe2c0a4dc9ddaa47e962b65ec02f0a7b17197a9f8374f9b4
234,2026-08-13 05:25:02,simulated_restock,"{""warehouse_id"": ""WH-CCU-01"", ""item_id"": ""ITM-RAM-01"", ""quantity"": 75, ""date"": ""2026-07-18""}",6b05824522bca1aabe2c0a4dc9ddaa47e962b65ec02f0a7b17197a9f8374f9b4,5c3876902897945c6a3672f8526b8dfaa77794cac24294a6c2e53f8dd851cc14
235,2026-08-13 05:25:02,simulated_restock,"{""warehouse_id"": ""WH-BOM-01"", ""item_id"": ""ITM-RAM-01"", ""quantity"": 75, ""date"": ""2026-07-19""}",5c3876902897945c6a3672f8526b8dfaa77794cac24294a6c2e53f8dd851cc14,f3a045e613ac2d8b4cea27e3c1a44edf5f055806dc8c4fd0c2493056046b0ad0
236,2026-08-13 05:25:02,simulated_restock,"{""warehouse_id"": ""WH-BLR-01"", ""item_id"": ""ITM-RAM-01"", ""quantity"": 75, ""date"": ""2026-07-21""}",f3a045e613ac2d8b4cea27e3c1a44edf5f055806dc8c4fd0c2493056046b0ad0,fea3e29bf8f7a76d467373e4af5559ff1d5b46c5bd1b090d6c538c7356bff8bd
237,2026-08-13 05:25:02,simulated_restock,"{""warehouse_id"": ""WH-CHN-01"", ""item_id"": ""ITM-RAM-01"", ""quantity"": 75, ""date"": ""2026-07-22""}",fea3e29bf8f7a76d467373e4af5559ff1d5b46c5bd1b090d6c538c7356bff8bd,48fe150c2ac10591cb7f0820f0102f2e98c8dee40ff63c04b83c9c491d320a12
238,2026-08-13 05:25:02,simulated_restock,"{""warehouse_id"": ""WH-DEL-01"", ""item_id"": ""ITM-RAM-01"", ""quantity"": 75, ""date"": ""2026-07-22""}",48fe150c2ac10591cb7f0820f0102f2e98c8dee40ff63c04b83c9c491d320a12,c5799e578f9b40147c8be3bc1b7969ac83d455d6f93ff145d234199e74366b8c
239,2026-08-13 05:25:02,simulated_restock,"{""warehouse_id"": ""WH-DEL-01"", ""item_id"": ""ITM-CHG-01"", ""quantity"": 150, ""date"": ""2026-07-25""}",c5799e578f9b40147c8be3bc1b7969ac83d455d6f93ff145d234199e74366b8c,984398823141ed63ce096cdd14913eb58cf14dc7843850b50881aeece80d2d3f
240,2026-08-13 05:25:02,simulated_restock,"{""warehouse_id"": ""WH-CCU-01"", ""item_id"": ""ITM-CHG-01"", ""quantity"": 150, ""date"": ""2026-07-25""}",984398823141ed63ce096cdd14913eb58cf14dc7843850b50881aeece80d2d3f,366c5757faca449d1579026a42961c561871ea65221bf3c8ec491190a5e119f1
241,2026-08-13 05:25:02,simulated_restock,"{""warehouse_id"": ""WH-BLR-01"", ""item_id"": ""ITM-CPU-01"", ""quantity"": 45, ""date"": ""2026-07-26""}",366c5757faca449d1579026a42961c561871ea65221bf3c8ec491190a5e119f1,f96655c7286072107b6e863714f03f658ebe551db72e47f81a432a30914e8994
242,2026-08-13 05:25:02,simulated_restock,"{""warehouse_id"": ""WH-CHN-01"", ""item_id"": ""ITM-CPU-01"", ""quantity"": 45, ""date"": ""2026-07-26""}",f96655c7286072107b6e863714f03f658ebe551db72e47f81a432a30914e8994,17120025a5188af7b726718c7352b44d126e8bba03ba05bf6cc86fb8a3720728
243,2026-08-13 05:25:03,simulated_restock,"{""warehouse_id"": ""WH-CHN-01"", ""item_id"": ""ITM-CHG-01"", ""quantity"": 150, ""date"": ""2026-07-27""}",17120025a5188af7b726718c7352b44d126e8bba03ba05bf6cc86fb8a3720728,da809acdd64ff30fc0151ba28b260955d128e2c999a1fce64dc453b4ea5a2af9
244,2026-08-13 05:25:03,simulated_restock,"{""warehouse_id"": ""WH-BOM-01"", ""item_id"": ""ITM-CHG-01"", ""quantity"": 150, ""date"": ""2026-07-28""}",da809acdd64ff30fc0151ba28b260955d128e2c999a1fce64dc453b4ea5a2af9,027abbffdb114700473231334053159bc3120ed9fe5b97d1cddd8a02583c56ec
245,2026-08-13 05:25:03,simulated_restock,"{""warehouse_id"": ""WH-BLR-01"", ""item_id"": ""ITM-CHG-01"", ""quantity"": 150, ""date"": ""2026-07-29""}",027abbffdb114700473231334053159bc3120ed9fe5b97d1cddd8a02583c56ec,09294f716dab1841bc7d7d7fd1f70341f8a152c635c0ac607b18e48f0b132ec4
246,2026-08-13 05:25:03,simulated_restock,"{""warehouse_id"": ""WH-BOM-01"", ""item_id"": ""ITM-RAM-01"", ""quantity"": 75, ""date"": ""2026-07-31""}",09294f716dab1841bc7d7d7fd1f70341f8a152c635c0ac607b18e48f0b132ec4,fea7d2e0ce6819899a1b196674f86d0274c0f4f1a2af3d47c3bd4066e93938b6
247,2026-08-13 05:25:03,simulated_restock,"{""warehouse_id"": ""WH-CCU-01"", ""item_id"": ""ITM-RAM-01"", ""quantity"": 75, ""date"": ""2026-08-02""}",fea7d2e0ce6819899a1b196674f86d0274c0f4f1a2af3d47c3bd4066e93938b6,acd005a238ae6a764021369ec16308c3819f758c64324fdb9605679791122348
248,2026-08-13 05:25:03,simulated_restock,"{""warehouse_id"": ""WH-BOM-01"", ""item_id"": ""ITM-GPU-01"", ""quantity"": 30, ""date"": ""2026-08-03""}",acd005a238ae6a764021369ec16308c3819f758c64324fdb9605679791122348,a53d7bd2fe134509c5b79edd03920b2c1b532ef928768519e1bd0ce853b73ba5
249,2026-08-13 05:25:03,simulated_restock,"{""warehouse_id"": ""WH-DEL-01"", ""item_id"": ""ITM-HDD-01"", ""quantity"": 60, ""date"": ""2026-08-03""}",a53d7bd2fe134509c5b79edd03920b2c1b532ef928768519e1bd0ce853b73ba5,e275c7fd91d110bf318a527082bb759b484de628069d68b7a7e77f18cd946002
250,2026-08-13 05:25:03,simulated_restock,"{""warehouse_id"": ""WH-BOM-01"", ""item_id"": ""ITM-HDD-01"", ""quantity"": 60, ""date"": ""2026-08-04""}",e275c7fd91d110bf318a527082bb759b484de628069d68b7a7e77f18cd946002,1c43efef17aad859d5687e38bc3b11b5ae6ab6220eb0c84e22c468675e2f4b13
251,2026-08-13 05:25:03,simulated_restock,"{""warehouse_id"": ""WH-BLR-01"", ""item_id"": ""ITM-RAM-01"", ""quantity"": 75, ""date"": ""2026-08-05""}",1c43efef17aad859d5687e38bc3b11b5ae6ab6220eb0c84e22c468675e2f4b13,70b3e364fd3cc9062524606c07c2d1ca1826c1a50c7ba7e83ff3662b4a7ce7ee
252,2026-08-13 05:25:03,simulated_restock,"{""warehouse_id"": ""WH-CHN-01"", ""item_id"": ""ITM-RAM-01"", ""quantity"": 75, ""date"": ""2026-08-05""}",70b3e364fd3cc9062524606c07c2d1ca1826c1a50c7ba7e83ff3662b4a7ce7ee,d52e026df2c49b00c3ab4edc217e8b2335089c9e30b1f143fcebe0f7e966b720
253,2026-08-13 05:25:03,simulated_restock,"{""warehouse_id"": ""WH-BOM-01"", ""item_id"": ""ITM-CPU-01"", ""quantity"": 45, ""date"": ""2026-08-05""}",d52e026df2c49b00c3ab4edc217e8b2335089c9e30b1f143fcebe0f7e966b720,3811350bfcf4e6364ad15204c212d6d5ef8b76b827b323a3a4d8d0e3a3161063
254,2026-08-13 05:25:03,simulated_restock,"{""warehouse_id"": ""WH-BLR-01"", ""item_id"": ""ITM-GPU-01"", ""quantity"": 30, ""date"": ""2026-08-06""}",3811350bfcf4e6364ad15204c212d6d5ef8b76b827b323a3a4d8d0e3a3161063,5d92e41ca8216e0d479d80f5f0771a3f8219ea74d5180dfbdae56159e75d3e76
255,2026-08-13 05:25:03,simulated_restock,"{""warehouse_id"": ""WH-BLR-01"", ""item_id"": ""ITM-HDD-01"", ""quantity"": 60, ""date"": ""2026-08-06""}",5d92e41ca8216e0d479d80f5f0771a3f8219ea74d5180dfbdae56159e75d3e76,93331c7aa51709398722d9b30af2506a7379868593ff82d84be12da2604dcd06
256,2026-08-13 05:25:03,simulated_restock,"{""warehouse_id"": ""WH-DEL-01"", ""item_id"": ""ITM-RAM-01"", ""quantity"": 75, ""date"": ""2026-08-06""}",93331c7aa51709398722d9b30af2506a7379868593ff82d84be12da2604dcd06,ab0928e16977819595c2ccd5ab8fc5f8c859aec3a2c6c288452ba277662f4eb0
257,2026-08-13 05:25:03,simulated_restock,"{""warehouse_id"": ""WH-CCU-01"", ""item_id"": ""ITM-CPU-01"", ""quantity"": 45, ""date"": ""2026-08-06""}",ab0928e16977819595c2ccd5ab8fc5f8c859aec3a2c6c288452ba277662f4eb0,fd502041123475b34de1de555c5457d70c979d7517e25b2946d8dc97d4698bff
258,2026-08-13 05:25:03,simulated_restock,"{""warehouse_id"": ""WH-CCU-01"", ""item_id"": ""ITM-CBL-01"", ""quantity"": 300, ""date"": ""2026-08-06""}",fd502041123475b34de1de555c5457d70c979d7517e25b2946d8dc97d4698bff,5a2bffc5c753125c424f2dc7fff741c3ad087540b8ca981a22faa96da98f15b1
259,2026-08-13 05:25:03,simulated_restock,"{""warehouse_id"": ""WH-BOM-01"", ""item_id"": ""ITM-CBL-01"", ""quantity"": 300, ""date"": ""2026-08-07""}",5a2bffc5c753125c424f2dc7fff741c3ad087540b8ca981a22faa96da98f15b1,f7f10368ddba8683f6f171d0640f6cefabd43f683308acd1d40926fb57bcc68d
260,2026-08-13 05:25:03,simulated_restock,"{""warehouse_id"": ""WH-DEL-01"", ""item_id"": ""ITM-CPU-01"", ""quantity"": 45, ""date"": ""2026-08-07""}",f7f10368ddba8683f6f171d0640f6cefabd43f683308acd1d40926fb57bcc68d,aaed8e708a548e921fefb7be52a6122b78fc154c755d7661f1e9dce06da8505b
261,2026-08-13 05:25:03,simulated_restock,"{""warehouse_id"": ""WH-BLR-01"", ""item_id"": ""ITM-CBL-01"", ""quantity"": 300, ""date"": ""2026-08-08""}",aaed8e708a548e921fefb7be52a6122b78fc154c755d7661f1e9dce06da8505b,3391276188d16f580506fde3ea420307c15352ed6dfcee9e12419ac98f966dad
262,2026-08-13 05:25:03,simulated_restock,"{""warehouse_id"": ""WH-CHN-01"", ""item_id"": ""ITM-SSD-01"", ""quantity"": 90, ""date"": ""2026-08-09""}",3391276188d16f580506fde3ea420307c15352ed6dfcee9e12419ac98f966dad,d5c8fef78defc7348aa04687be57fc23860b29c0ffa451834ad33c1634e85a15
263,2026-08-13 05:25:03,simulated_restock,"{""warehouse_id"": ""WH-CHN-01"", ""item_id"": ""ITM-HDD-01"", ""quantity"": 60, ""date"": ""2026-08-11""}",d5c8fef78defc7348aa04687be57fc23860b29c0ffa451834ad33c1634e85a15,4f2fea31e034229dbe01ed6b77523cfe5ff54990ad08a2d06e22bc338ff42a5a
264,2026-08-13 05:25:03,simulated_restock,"{""warehouse_id"": ""WH-DEL-01"", ""item_id"": ""ITM-GPU-01"", ""quantity"": 30, ""date"": ""2026-08-11""}",4f2fea31e034229dbe01ed6b77523cfe5ff54990ad08a2d06e22bc338ff42a5a,73f3de990494ec06994f779a073d6bce037418f907a7470e3586128b9963d091
265,2026-08-13 05:25:03,simulated_restock,"{""warehouse_id"": ""WH-CCU-01"", ""item_id"": ""ITM-HDD-01"", ""quantity"": 60, ""date"": ""2026-08-11""}",73f3de990494ec06994f779a073d6bce037418f907a7470e3586128b9963d091,5fde47af55508fecb9a90df1768087351c01a6634ae19ee8a66387877e084d01
266,2026-08-13 05:25:03,shrinkage_flag,"{""warehouse_id"": ""WH-BLR-01"", ""item_id"": ""ITM-GPU-01"", ""likely_cause"": ""Possible shrinkage / theft""}",5fde47af55508fecb9a90df1768087351c01a6634ae19ee8a66387877e084d01,1ae7df73f09ebc51e7db9805de898a1d74c4ba0b86b965614647788c4433954d
267,2026-08-13 05:25:03,shrinkage_flag,"{""warehouse_id"": ""WH-CHN-01"", ""item_id"": ""ITM-CPU-01"", ""likely_cause"": ""Damaged during offloading / scrap""}",1ae7df73f09ebc51e7db9805de898a1d74c4ba0b86b965614647788c4433954d,d34a00ef863c542fc2b98d06fa73d74d2c58e544ff32daaa66028b342f95caaa
268,2026-08-13 16:11:06,warehouse_created,"{""warehouse_id"": ""WH-BLR-01"", ""name"": ""Bangalore Fulfillment Center""}",d34a00ef863c542fc2b98d06fa73d74d2c58e544ff32daaa66028b342f95caaa,0ba8f477c7fcd3c119cc38ccbf29a3036f4589f1896935a55b3f633a7a64cf96
269,2026-08-13 16:11:06,warehouse_created,"{""warehouse_id"": ""WH-CHN-01"", ""name"": ""Chennai Port Logistics Hub""}",0ba8f477c7fcd3c119cc38ccbf29a3036f4589f1896935a55b3f633a7a64cf96,941369ef397e1608cac268c8a8910d9e96aad36012edbd10a39dde499651ee05
270,2026-08-13 16:11:06,warehouse_created,"{""warehouse_id"": ""WH-BOM-01"", ""name"": ""Mumbai Container Terminal""}",941369ef397e1608cac268c8a8910d9e96aad36012edbd10a39dde499651ee05,3232917a8000a7e95aa446a1e5f22e213c1db92c40427493f22205806b2e6ced
271,2026-08-13 16:11:06,warehouse_created,"{""warehouse_id"": ""WH-DEL-01"", ""name"": ""Delhi NCR Logistics Park""}",3232917a8000a7e95aa446a1e5f22e213c1db92c40427493f22205806b2e6ced,a176ecf5b7b9fa121fa166ca656792fef351e3a1dda48be2b4d1c438c75657ba
272,2026-08-13 16:11:06,warehouse_created,"{""warehouse_id"": ""WH-CCU-01"", ""name"": ""Kolkata Gateway Depot""}",a176ecf5b7b9fa121fa166ca656792fef351e3a1dda48be2b4d1c438c75657ba,236fea9f92aeb07cccf50ac13f351d482df5d3babcaefda0a1085d34d56f7fcc
273,2026-08-13 16:11:06,item_created,"{""item_id"": ""ITM-CPU-01"", ""name"": ""AMD Ryzen 9 7900X Processor""}",236fea9f92aeb07cccf50ac13f351d482df5d3babcaefda0a1085d34d56f7fcc,9779f50635d1246ac08103068b5dd0b6d6f999b77bd8b49a9cf492639794937a
274,2026-08-13 16:11:06,item_created,"{""item_id"": ""ITM-GPU-01"", ""name"": ""Nvidia RTX 4080 Founders Edition""}",9779f50635d1246ac08103068b5dd0b6d6f999b77bd8b49a9cf492639794937a,70d4b0736b35d77496cd23acbbfb3120c7e7580f7b0bc8d88d2ebc2e96dbec8f
275,2026-08-13 16:11:06,item_created,"{""item_id"": ""ITM-RAM-01"", ""name"": ""Corsair DDR5 32GB 6000MHz RAM""}",70d4b0736b35d77496cd23acbbfb3120c7e7580f7b0bc8d88d2ebc2e96dbec8f,f2b930421115e9c59bd98f8e77efa73e350ca70b630a47d02bf2bb9818a1e380
276,2026-08-13 16:11:06,item_created,"{""item_id"": ""ITM-SSD-01"", ""name"": ""Samsung 990 Pro 2TB NVMe SSD""}",f2b930421115e9c59bd98f8e77efa73e350ca70b630a47d02bf2bb9818a1e380,e1ca8abf5ea4bdc6e80344ed216c51e94c0e2d6625eb4d1c6bd0b6c6632751c8
277,2026-08-13 16:11:06,item_created,"{""item_id"": ""ITM-HDD-01"", ""name"": ""WD Red Pro 8TB NAS Hard Drive""}",e1ca8abf5ea4bdc6e80344ed216c51e94c0e2d6625eb4d1c6bd0b6c6632751c8,78117231498317413ad9bb7ed988de5d8c8dbdca3ab9538e7c26ea3658851d5e
278,2026-08-13 16:11:06,item_created,"{""item_id"": ""ITM-CHG-01"", ""name"": ""Anker 100W GaN Wall Charger""}",78117231498317413ad9bb7ed988de5d8c8dbdca3ab9538e7c26ea3658851d5e,a3e54552fe7f93985bd18b55f124d90d06f66e4f2eccafeba4cb0286051042a7
279,2026-08-13 16:11:06,item_created,"{""item_id"": ""ITM-CBL-01"", ""name"": ""Apple USB-C Braided Cable 2m""}",a3e54552fe7f93985bd18b55f124d90d06f66e4f2eccafeba4cb0286051042a7,c3b8584c824c4617553fae7d4de36ed8a81969697b4b5a34a298c59b991c7c46
280,2026-08-13 16:11:06,simulated_restock,"{""warehouse_id"": ""WH-BLR-01"", ""item_id"": ""ITM-RAM-01"", ""quantity"": 75, ""date"": ""2026-07-18""}",c3b8584c824c4617553fae7d4de36ed8a81969697b4b5a34a298c59b991c7c46,c1a60831ae746d7baed734bc76d511abf46e9ac19734031b9891e7bc40341dd2
281,2026-08-13 16:11:06,simulated_restock,"{""warehouse_id"": ""WH-CCU-01"", ""item_id"": ""ITM-RAM-01"", ""quantity"": 75, ""date"": ""2026-07-19""}",c1a60831ae746d7baed734bc76d511abf46e9ac19734031b9891e7bc40341dd2,b20b728dc169b80d3ab8d2f46ec8440f28dd156af739eb18e41cd37b47a41fd0
282,2026-08-13 16:11:06,simulated_restock,"{""warehouse_id"": ""WH-CHN-01"", ""item_id"": ""ITM-RAM-01"", ""quantity"": 75, ""date"": ""2026-07-20""}",b20b728dc169b80d3ab8d2f46ec8440f28dd156af739eb18e41cd37b47a41fd0,de754cb4d1a965afb7b4bd699653a643783baecdf6b7dcb69933b558d6e2dc9a
283,2026-08-13 16:11:06,simulated_restock,"{""warehouse_id"": ""WH-DEL-01"", ""item_id"": ""ITM-RAM-01"", ""quantity"": 75, ""date"": ""2026-07-20""}",de754cb4d1a965afb7b4bd699653a643783baecdf6b7dcb69933b558d6e2dc9a,552fe8c643bb4f04c6d035a5abf4871653236fefae796be65af042d1b9439829
284,2026-08-13 16:11:06,simulated_restock,"{""warehouse_id"": ""WH-BOM-01"", ""item_id"": ""ITM-RAM-01"", ""quantity"": 75, ""date"": ""2026-07-22""}",552fe8c643bb4f04c6d035a5abf4871653236fefae796be65af042d1b9439829,3b7f5235bf22986ab89348b51f9cef52a6dcaa1d6f1da03ff06222f8fa3994f9
285,2026-08-13 16:11:06,simulated_restock,"{""warehouse_id"": ""WH-CHN-01"", ""item_id"": ""ITM-CPU-01"", ""quantity"": 45, ""date"": ""2026-07-26""}",3b7f5235bf22986ab89348b51f9cef52a6dcaa1d6f1da03ff06222f8fa3994f9,b4a831a9dd311f1adb62f5153b5460de5d0fced3039dcb49713ddaeb744767ad
286,2026-08-13 16:11:06,simulated_restock,"{""warehouse_id"": ""WH-DEL-01"", ""item_id"": ""ITM-CHG-01"", ""quantity"": 150, ""date"": ""2026-07-27""}",b4a831a9dd311f1adb62f5153b5460de5d0fced3039dcb49713ddaeb744767ad,0c660b66283e95f99836ca1bef48af3cfa7e50af2f2832eb0161fa114204f7da
287,2026-08-13 16:11:06,simulated_restock,"{""warehouse_id"": ""WH-CHN-01"", ""item_id"": ""ITM-CHG-01"", ""quantity"": 150, ""date"": ""2026-07-28""}",0c660b66283e95f99836ca1bef48af3cfa7e50af2f2832eb0161fa114204f7da,df91bdd6ca14f80ed68db781035a5ff60f05bd442ab96c1a912b50f895f25b9d
288,2026-08-13 16:11:06,simulated_restock,"{""warehouse_id"": ""WH-BOM-01"", ""item_id"": ""ITM-CPU-01"", ""quantity"": 45, ""date"": ""2026-07-28""}",df91bdd6ca14f80ed68db781035a5ff60f05bd442ab96c1a912b50f895f25b9d,65bc98a8a438e566e52fe9aedf70b9886f9d63134fac5959fd6b605cec8f4c6b
289,2026-08-13 16:11:06,simulated_restock,"{""warehouse_id"": ""WH-BLR-01"", ""item_id"": ""ITM-CHG-01"", ""quantity"": 150, ""date"": ""2026-07-29""}",65bc98a8a438e566e52fe9aedf70b9886f9d63134fac5959fd6b605cec8f4c6b,8eb4a37852c07b1e6a14386173f39774a49e063a6fbebf72a07a06bd29d25a5d
290,2026-08-13 16:11:06,simulated_restock,"{""warehouse_id"": ""WH-BOM-01"", ""item_id"": ""ITM-CHG-01"", ""quantity"": 150, ""date"": ""2026-07-29""}",8eb4a37852c07b1e6a14386173f39774a49e063a6fbebf72a07a06bd29d25a5d,1ca14e8e67d463fc2756223fe26b0cf430d7d8432223686ca07f04c93339efcd
291,2026-08-13 16:11:06,simulated_restock,"{""warehouse_id"": ""WH-CCU-01"", ""item_id"": ""ITM-CHG-01"", ""quantity"": 150, ""date"": ""2026-07-29""}",1ca14e8e67d463fc2756223fe26b0cf430d7d8432223686ca07f04c93339efcd,a73e29c7737f57346644345be2b7c5031466b38221b0ec036d5e49e6366fdb6a
292,2026-08-13 16:11:06,simulated_restock,"{""warehouse_id"": ""WH-CCU-01"", ""item_id"": ""ITM-GPU-01"", ""quantity"": 30, ""date"": ""2026-07-30""}",a73e29c7737f57346644345be2b7c5031466b38221b0ec036d5e49e6366fdb6a,739e9a24300f1da7c3361f7eaf4d43117b6e9cca5c025d5a3834d03f78e18b00
293,2026-08-13 16:11:06,simulated_restock,"{""warehouse_id"": ""WH-BLR-01"", ""item_id"": ""ITM-RAM-01"", ""quantity"": 75, ""date"": ""2026-07-31""}",739e9a24300f1da7c3361f7eaf4d43117b6e9cca5c025d5a3834d03f78e18b00,198519e3db66b813682000429315f8c04e70a5e0c10b299149026cd2e763dc01
294,2026-08-13 16:11:06,simulated_restock,"{""warehouse_id"": ""WH-BLR-01"", ""item_id"": ""ITM-CPU-01"", ""quantity"": 45, ""date"": ""2026-08-02""}",198519e3db66b813682000429315f8c04e70a5e0c10b299149026cd2e763dc01,aa8503df812ef9a37b11d736746d96849b3a37d06d9c56d785221ccfc06edffd
295,2026-08-13 16:11:06,simulated_restock,"{""warehouse_id"": ""WH-CHN-01"", ""item_id"": ""ITM-GPU-01"", ""quantity"": 30, ""date"": ""2026-08-03""}",aa8503df812ef9a37b11d736746d96849b3a37d06d9c56d785221ccfc06edffd,9fa7bf31c449763222792b28d5353fc40f58ac705d613a32f12d29b6ad3d0f7a
296,2026-08-13 16:11:06,simulated_restock,"{""warehouse_id"": ""WH-DEL-01"", ""item_id"": ""ITM-CPU-01"", ""quantity"": 45, ""date"": ""2026-08-03""}",9fa7bf31c449763222792b28d5353fc40f58ac705d613a32f12d29b6ad3d0f7a,e5d61f8ad65b8d7cb1b28c1b81eeb17916b28fc73b3743858929819e8e26b4c0
297,2026-08-13 16:11:06,simulated_restock,"{""warehouse_id"": ""WH-BOM-01"", ""item_id"": ""ITM-RAM-01"", ""quantity"": 75, ""date"": ""2026-08-04""}",e5d61f8ad65b8d7cb1b28c1b81eeb17916b28fc73b3743858929819e8e26b4c0,5dc99855cb067a44778ecff0af9ec643d671c8b3fe86894878b278fb418af4e9
298,2026-08-13 16:11:06,simulated_restock,"{""warehouse_id"": ""WH-DEL-01"", ""item_id"": ""ITM-HDD-01"", ""quantity"": 60, ""date"": ""2026-08-04""}",5dc99855cb067a44778ecff0af9ec643d671c8b3fe86894878b278fb418af4e9,bf514368fa27f7593acbda76880bb3669db0e3b9cc8a091f32e35d3883c87812
299,2026-08-13 16:11:06,simulated_restock,"{""warehouse_id"": ""WH-CCU-01"", ""item_id"": ""ITM-CPU-01"", ""quantity"": 45, ""date"": ""2026-08-04""}",bf514368fa27f7593acbda76880bb3669db0e3b9cc8a091f32e35d3883c87812,8cefaf28d0b16536445d0b988e23957daf802e89abd0b278ec3d18d00130223e
300,2026-08-13 16:11:06,simulated_restock,"{""warehouse_id"": ""WH-CCU-01"", ""item_id"": ""ITM-RAM-01"", ""quantity"": 75, ""date"": ""2026-08-04""}",8cefaf28d0b16536445d0b988e23957daf802e89abd0b278ec3d18d00130223e,4843c21537e0c5a44816d60d9620d35eec73f1ea82cdd355d2b0cb1469a6e038
301,2026-08-13 16:11:06,simulated_restock,"{""warehouse_id"": ""WH-CHN-01"", ""item_id"": ""ITM-RAM-01"", ""quantity"": 75, ""date"": ""2026-08-05""}",4843c21537e0c5a44816d60d9620d35eec73f1ea82cdd355d2b0cb1469a6e038,0fe829ffa6393f66abde67159bc7446fc6641c72e88c3d48bc12d3272adc198b
302,2026-08-13 16:11:06,simulated_restock,"{""warehouse_id"": ""WH-DEL-01"", ""item_id"": ""ITM-RAM-01"", ""quantity"": 75, ""date"": ""2026-08-05""}",0fe829ffa6393f66abde67159bc7446fc6641c72e88c3d48bc12d3272adc198b,db0dd6144fdca695982572ea36a883b8533b2ea8ad325485142a56605992392a
303,2026-08-13 16:11:06,simulated_restock,"{""warehouse_id"": ""WH-CCU-01"", ""item_id"": ""ITM-HDD-01"", ""quantity"": 60, ""date"": ""2026-08-05""}",db0dd6144fdca695982572ea36a883b8533b2ea8ad325485142a56605992392a,5b305828a740ddd90b65ad86d2ce7f568304b8b5e98c10851c65c89fcd76f1df
304,2026-08-13 16:11:06,simulated_restock,"{""warehouse_id"": ""WH-BLR-01"", ""item_id"": ""ITM-GPU-01"", ""quantity"": 30, ""date"": ""2026-08-06""}",5b305828a740ddd90b65ad86d2ce7f568304b8b5e98c10851c65c89fcd76f1df,875b3dd787d57514fa2f3f209b1fb9717efcd1bb1830240767802be8e665e9c1
305,2026-08-13 16:11:06,simulated_restock,"{""warehouse_id"": ""WH-BOM-01"", ""item_id"": ""ITM-HDD-01"", ""quantity"": 60, ""date"": ""2026-08-06""}",875b3dd787d57514fa2f3f209b1fb9717efcd1bb1830240767802be8e665e9c1,2c6ba6b689c6b984cdb732e7904e3a7fc3a1cdb513a96cc5b81713e2a6d13aef
306,2026-08-13 16:11:06,simulated_restock,"{""warehouse_id"": ""WH-CHN-01"", ""item_id"": ""ITM-HDD-01"", ""quantity"": 60, ""date"": ""2026-08-08""}",2c6ba6b689c6b984cdb732e7904e3a7fc3a1cdb513a96cc5b81713e2a6d13aef,d8777df72dc4aa1c66b99318efd673433efeb46762d79e4971b3df39d9110ce6
307,2026-08-13 16:11:06,simulated_restock,"{""warehouse_id"": ""WH-DEL-01"", ""item_id"": ""ITM-GPU-01"", ""quantity"": 30, ""date"": ""2026-08-08""}",d8777df72dc4aa1c66b99318efd673433efeb46762d79e4971b3df39d9110ce6,e66ac7ab87ad11fa2d542e851b90b90a6f63f9f553f1e9de0adbfb9790700005
308,2026-08-13 16:11:06,simulated_restock,"{""warehouse_id"": ""WH-DEL-01"", ""item_id"": ""ITM-CBL-01"", ""quantity"": 300, ""date"": ""2026-08-08""}",e66ac7ab87ad11fa2d542e851b90b90a6f63f9f553f1e9de0adbfb9790700005,828f80f1ad71694d82697740b89d213e9132e93f010a0eb7c6baf7e151ad886b
309,2026-08-13 16:11:06,shrinkage_flag,"{""warehouse_id"": ""WH-BLR-01"", ""item_id"": ""ITM-GPU-01"", ""likely_cause"": ""Possible shrinkage / theft""}",828f80f1ad71694d82697740b89d213e9132e93f010a0eb7c6baf7e151ad886b,117cf597f899c4e9f49259084b9dafdb243dd47718938ca008b3c975ada79566
310,2026-08-13 16:11:06,shrinkage_flag,"{""warehouse_id"": ""WH-CHN-01"", ""item_id"": ""ITM-CPU-01"", ""likely_cause"": ""Damaged during offloading / scrap""}",117cf597f899c4e9f49259084b9dafdb243dd47718938ca008b3c975ada79566,64422ee5d58cf3456e9925f46a407503416279269468e7cd63a61a8445efb11a
311,2026-08-13 16:49:48,admin_created,"{""new_admin_username"": ""abhilash_reddy"", ""full_name"": ""Chintha Abhilash Reddy"", ""created_by"": ""admin"", ""timestamp"": ""2026-08-13""}",64422ee5d58cf3456e9925f46a407503416279269468e7cd63a61a8445efb11a,b141b01917f3ce40d47c655cacae7871cfbffb8ef59b35db998daf119dc24e65
312,2026-08-13 16:53:44,admin_created,"{""new_admin_username"": ""abhilash_reddy_test"", ""full_name"": ""Chintha Abhilash Reddy"", ""created_by"": ""admin"", ""timestamp"": ""2026-08-13""}",b141b01917f3ce40d47c655cacae7871cfbffb8ef59b35db998daf119dc24e65,057968a4f87a53c6c74bfd8e16eafcbbd4dfbd89dc4b167240ac840136a77a3e
313,2026-08-13 17:50:25,ai_recommendation_action,"{""recommendation_id"": ""REC-REORDER-WH-BLR-01-ITM-HDD-01"", ""action"": ""APPROVED"", ""manager"": ""admin"", ""notes"": ""Executed via AI Decision Center"", ""timestamp"": ""2026-08-13""}",057968a4f87a53c6c74bfd8e16eafcbbd4dfbd89dc4b167240ac840136a77a3e,a9a73f470c26641de501b9c9186484f03b2cc4815cfd112b9060f1243dcca5fe
314,2026-08-13 17:51:04,ai_recommendation_action,"{""recommendation_id"": ""REC-REORDER-WH-BLR-01-ITM-RAM-01"", ""action"": ""APPROVED"", ""manager"": ""admin"", ""notes"": ""Executed via AI Decision Center"", ""timestamp"": ""2026-08-13""}",a9a73f470c26641de501b9c9186484f03b2cc4815cfd112b9060f1243dcca5fe,7b53d67ae14540b464f09ef8d9a9d1842e27b8f850bde132a5aa57e19d97321d
315,2026-08-13 17:55:22,ai_recommendation_action,"{""recommendation_id"": ""REC-REORDER-WH-BLR-01-ITM-HDD-01"", ""action"": ""APPROVED"", ""manager"": ""admin"", ""notes"": ""Executed via AI Decision Center"", ""timestamp"": ""2026-08-13""}",7b53d67ae14540b464f09ef8d9a9d1842e27b8f850bde132a5aa57e19d97321d,8bad89dd8d3ecb8581093a0f957dffdc5ce39b09f1812bea01c6bb597ffd8a8a
316,2026-08-13 18:03:01,ai_recommendation_action,"{""recommendation_id"": ""REC-REORDER-WH-BLR-01-ITM-HDD-01"", ""action"": ""APPROVED"", ""manager"": ""admin"", ""notes"": ""Executed via AI Decision Center"", ""timestamp"": ""2026-08-13""}",8bad89dd8d3ecb8581093a0f957dffdc5ce39b09f1812bea01c6bb597ffd8a8a,f3eb34ef0d635a82e771cdcbaf974a8dceaf7708df857a97000d6606b3b160a1
317,2026-08-13 18:04:10,ai_recommendation_action,"{""recommendation_id"": ""REC-REORDER-WH-BLR-01-ITM-HDD-01"", ""action"": ""APPROVED"", ""manager"": ""admin"", ""notes"": ""Executed via AI Decision Center"", ""timestamp"": ""2026-08-13""}",f3eb34ef0d635a82e771cdcbaf974a8dceaf7708df857a97000d6606b3b160a1,868405c3eb93d3aac3fea51ba3036629bbd4b242003cbe4a8975001642fd9185
318,2026-08-13 18:04:24,ai_recommendation_action,"{""recommendation_id"": ""REC-REORDER-WH-BLR-01-ITM-HDD-01"", ""action"": ""APPROVED"", ""manager"": ""admin"", ""notes"": ""Executed via AI Decision Center"", ""timestamp"": ""2026-08-13""}",868405c3eb93d3aac3fea51ba3036629bbd4b242003cbe4a8975001642fd9185,80060a176c5a4bb642126a1875f8d053958a4854df877ed8ecf534c044b82040
319,2026-08-13 18:05:08,ai_recommendation_action,"{""recommendation_id"": ""REC-REORDER-WH-BLR-01-ITM-RAM-01"", ""action"": ""APPROVED"", ""manager"": ""admin"", ""notes"": ""Executed via AI Decision Center"", ""timestamp"": ""2026-08-13""}",80060a176c5a4bb642126a1875f8d053958a4854df877ed8ecf534c044b82040,5f9a85eefb0eec8a9afc9fe4536dcf266ff83dd3e997a33b3e63bccd793cbf61
320,2026-08-13 18:08:53,ai_recommendation_action,"{""recommendation_id"": ""REC-REORDER-WH-BLR-01-ITM-HDD-01"", ""action"": ""APPROVED"", ""manager"": ""admin"", ""notes"": ""Executed via AI Decision Center"", ""timestamp"": ""2026-08-13""}",5f9a85eefb0eec8a9afc9fe4536dcf266ff83dd3e997a33b3e63bccd793cbf61,4b846b4a7c2ec80f3ed159c5bd4daa213eedf25c5f6268952aed2522895158d7
321,2026-08-13 18:26:37,ai_recommendation_action,"{""recommendation_id"": ""REC-REORDER-WH-BLR-01-ITM-HDD-01"", ""action"": ""APPROVED"", ""manager"": ""admin"", ""notes"": ""Executed via AI Decision Center"", ""timestamp"": ""2026-08-13""}",4b846b4a7c2ec80f3ed159c5bd4daa213eedf25c5f6268952aed2522895158d7,30af2c40117a970a4a7dbe53e07d98b0e179fad102b8ba1612537b8557a87348
