id,date,warehouse_id,item_id,stock_in,stock_out,closing_stock,is_anomaly,anomaly_type,entry_source,entered_by
4202,2026-07-13,WH-BLR-01,ITM-CPU-01,0,0,45,0,none,simulated,system_sim
4203,2026-07-13,WH-BLR-01,ITM-GPU-01,0,1,29,0,none,simulated,system_sim
4204,2026-07-13,WH-BLR-01,ITM-RAM-01,0,10,65,0,none,simulated,system_sim
4205,2026-07-13,WH-BLR-01,ITM-SSD-01,0,3,87,0,none,simulated,system_sim
4206,2026-07-13,WH-BLR-01,ITM-HDD-01,0,1,59,0,none,simulated,system_sim
4207,2026-07-13,WH-BLR-01,ITM-CHG-01,0,4,146,0,none,simulated,system_sim
4208,2026-07-13,WH-BLR-01,ITM-CBL-01,0,9,291,0,none,simulated,system_sim
4209,2026-07-13,WH-CHN-01,ITM-CPU-01,0,2,43,0,none,simulated,system_sim
4210,2026-07-13,WH-CHN-01,ITM-GPU-01,0,1,29,0,none,simulated,system_sim
4211,2026-07-13,WH-CHN-01,ITM-RAM-01,0,1,74,0,none,simulated,system_sim
4212,2026-07-13,WH-CHN-01,ITM-SSD-01,0,0,90,0,none,simulated,system_sim
4213,2026-07-13,WH-CHN-01,ITM-HDD-01,0,2,58,0,none,simulated,system_sim
4214,2026-07-13,WH-CHN-01,ITM-CHG-01,0,7,143,0,none,simulated,system_sim
4215,2026-07-13,WH-CHN-01,ITM-CBL-01,0,10,290,0,none,simulated,system_sim
4216,2026-07-13,WH-BOM-01,ITM-CPU-01,0,1,44,0,none,simulated,system_sim
4217,2026-07-13,WH-BOM-01,ITM-GPU-01,0,1,29,0,none,simulated,system_sim
4218,2026-07-13,WH-BOM-01,ITM-RAM-01,0,5,70,0,none,simulated,system_sim
4219,2026-07-13,WH-BOM-01,ITM-SSD-01,0,2,88,0,none,simulated,system_sim
4220,2026-07-13,WH-BOM-01,ITM-HDD-01,0,3,57,0,none,simulated,system_sim
4221,2026-07-13,WH-BOM-01,ITM-CHG-01,0,8,142,0,none,simulated,system_sim
4222,2026-07-13,WH-BOM-01,ITM-CBL-01,0,1,299,0,none,simulated,system_sim
4223,2026-07-13,WH-DEL-01,ITM-CPU-01,0,2,43,0,none,simulated,system_sim
4224,2026-07-13,WH-DEL-01,ITM-GPU-01,0,1,29,0,none,simulated,system_sim
4225,2026-07-13,WH-DEL-01,ITM-RAM-01,0,10,65,0,none,simulated,system_sim
4226,2026-07-13,WH-DEL-01,ITM-SSD-01,0,2,88,0,none,simulated,system_sim
4227,2026-07-13,WH-DEL-01,ITM-HDD-01,0,2,58,0,none,simulated,system_sim
4228,2026-07-13,WH-DEL-01,ITM-CHG-01,0,1,149,0,none,simulated,system_sim
4229,2026-07-13,WH-DEL-01,ITM-CBL-01,0,10,290,0,none,simulated,system_sim
4230,2026-07-13,WH-CCU-01,ITM-CPU-01,0,0,45,0,none,simulated,system_sim
4231,2026-07-13,WH-CCU-01,ITM-GPU-01,0,2,28,0,none,simulated,system_sim
4232,2026-07-13,WH-CCU-01,ITM-RAM-01,0,7,68,0,none,simulated,system_sim
4233,2026-07-13,WH-CCU-01,ITM-SSD-01,0,1,89,0,none,simulated,system_sim
4234,2026-07-13,WH-CCU-01,ITM-HDD-01,0,0,60,0,none,simulated,system_sim
4235,2026-07-13,WH-CCU-01,ITM-CHG-01,0,7,143,0,none,simulated,system_sim
4236,2026-07-13,WH-CCU-01,ITM-CBL-01,0,3,297,0,none,simulated,system_sim
4237,2026-07-14,WH-BLR-01,ITM-CPU-01,0,3,42,0,none,simulated,system_sim
4238,2026-07-14,WH-BLR-01,ITM-GPU-01,0,0,29,0,none,simulated,system_sim
4239,2026-07-14,WH-BLR-01,ITM-RAM-01,0,7,58,0,none,simulated,system_sim
4240,2026-07-14,WH-BLR-01,ITM-SSD-01,0,1,86,0,none,simulated,system_sim
4241,2026-07-14,WH-BLR-01,ITM-HDD-01,0,1,58,0,none,simulated,system_sim
4242,2026-07-14,WH-BLR-01,ITM-CHG-01,0,10,136,0,none,simulated,system_sim
4243,2026-07-14,WH-BLR-01,ITM-CBL-01,0,5,286,0,none,simulated,system_sim
4244,2026-07-14,WH-CHN-01,ITM-CPU-01,0,0,43,0,none,simulated,system_sim
4245,2026-07-14,WH-CHN-01,ITM-GPU-01,0,0,29,0,none,simulated,system_sim
4246,2026-07-14,WH-CHN-01,ITM-RAM-01,0,10,64,0,none,simulated,system_sim
4247,2026-07-14,WH-CHN-01,ITM-SSD-01,0,1,89,0,none,simulated,system_sim
4248,2026-07-14,WH-CHN-01,ITM-HDD-01,0,0,58,0,none,simulated,system_sim
4249,2026-07-14,WH-CHN-01,ITM-CHG-01,0,10,133,0,none,simulated,system_sim
4250,2026-07-14,WH-CHN-01,ITM-CBL-01,0,1,289,0,none,simulated,system_sim
4251,2026-07-14,WH-BOM-01,ITM-CPU-01,0,0,44,0,none,simulated,system_sim
4252,2026-07-14,WH-BOM-01,ITM-GPU-01,0,2,27,0,none,simulated,system_sim
4253,2026-07-14,WH-BOM-01,ITM-RAM-01,0,4,66,0,none,simulated,system_sim
4254,2026-07-14,WH-BOM-01,ITM-SSD-01,0,0,88,0,none,simulated,system_sim
4255,2026-07-14,WH-BOM-01,ITM-HDD-01,0,2,55,0,none,simulated,system_sim
4256,2026-07-14,WH-BOM-01,ITM-CHG-01,0,4,138,0,none,simulated,system_sim
4257,2026-07-14,WH-BOM-01,ITM-CBL-01,0,3,296,0,none,simulated,system_sim
4258,2026-07-14,WH-DEL-01,ITM-CPU-01,0,2,41,0,none,simulated,system_sim
4259,2026-07-14,WH-DEL-01,ITM-GPU-01,0,0,29,0,none,simulated,system_sim
4260,2026-07-14,WH-DEL-01,ITM-RAM-01,0,2,63,0,none,simulated,system_sim
4261,2026-07-14,WH-DEL-01,ITM-SSD-01,0,0,88,0,none,simulated,system_sim
4262,2026-07-14,WH-DEL-01,ITM-HDD-01,0,0,58,0,none,simulated,system_sim
4263,2026-07-14,WH-DEL-01,ITM-CHG-01,0,2,147,0,none,simulated,system_sim
4264,2026-07-14,WH-DEL-01,ITM-CBL-01,0,4,286,0,none,simulated,system_sim
4265,2026-07-14,WH-CCU-01,ITM-CPU-01,0,0,45,0,none,simulated,system_sim
4266,2026-07-14,WH-CCU-01,ITM-GPU-01,0,2,26,0,none,simulated,system_sim
4267,2026-07-14,WH-CCU-01,ITM-RAM-01,0,10,58,0,none,simulated,system_sim
4268,2026-07-14,WH-CCU-01,ITM-SSD-01,0,0,89,0,none,simulated,system_sim
4269,2026-07-14,WH-CCU-01,ITM-HDD-01,0,1,59,0,none,simulated,system_sim
4270,2026-07-14,WH-CCU-01,ITM-CHG-01,0,8,135,0,none,simulated,system_sim
4271,2026-07-14,WH-CCU-01,ITM-CBL-01,0,7,290,0,none,simulated,system_sim
4272,2026-07-15,WH-BLR-01,ITM-CPU-01,0,2,40,0,none,simulated,system_sim
4273,2026-07-15,WH-BLR-01,ITM-GPU-01,0,0,29,0,none,simulated,system_sim
4274,2026-07-15,WH-BLR-01,ITM-RAM-01,0,7,51,0,none,simulated,system_sim
4275,2026-07-15,WH-BLR-01,ITM-SSD-01,0,1,85,0,none,simulated,system_sim
4276,2026-07-15,WH-BLR-01,ITM-HDD-01,0,0,58,0,none,simulated,system_sim
4277,2026-07-15,WH-BLR-01,ITM-CHG-01,0,3,133,0,none,simulated,system_sim
4278,2026-07-15,WH-BLR-01,ITM-CBL-01,0,3,283,0,none,simulated,system_sim
4279,2026-07-15,WH-CHN-01,ITM-CPU-01,0,0,43,0,none,simulated,system_sim
4280,2026-07-15,WH-CHN-01,ITM-GPU-01,0,0,29,0,none,simulated,system_sim
4281,2026-07-15,WH-CHN-01,ITM-RAM-01,0,9,55,0,none,simulated,system_sim
4282,2026-07-15,WH-CHN-01,ITM-SSD-01,0,0,89,0,none,simulated,system_sim
4283,2026-07-15,WH-CHN-01,ITM-HDD-01,0,2,56,0,none,simulated,system_sim
4284,2026-07-15,WH-CHN-01,ITM-CHG-01,0,7,126,0,none,simulated,system_sim
4285,2026-07-15,WH-CHN-01,ITM-CBL-01,0,2,287,0,none,simulated,system_sim
4286,2026-07-15,WH-BOM-01,ITM-CPU-01,0,1,43,0,none,simulated,system_sim
4287,2026-07-15,WH-BOM-01,ITM-GPU-01,0,0,27,0,none,simulated,system_sim
4288,2026-07-15,WH-BOM-01,ITM-RAM-01,0,4,62,0,none,simulated,system_sim
4289,2026-07-15,WH-BOM-01,ITM-SSD-01,0,3,85,0,none,simulated,system_sim
4290,2026-07-15,WH-BOM-01,ITM-HDD-01,0,2,53,0,none,simulated,system_sim
4291,2026-07-15,WH-BOM-01,ITM-CHG-01,0,1,137,0,none,simulated,system_sim
4292,2026-07-15,WH-BOM-01,ITM-CBL-01,0,9,287,0,none,simulated,system_sim
4293,2026-07-15,WH-DEL-01,ITM-CPU-01,0,0,41,0,none,simulated,system_sim
4294,2026-07-15,WH-DEL-01,ITM-GPU-01,0,1,28,0,none,simulated,system_sim
4295,2026-07-15,WH-DEL-01,ITM-RAM-01,0,2,61,0,none,simulated,system_sim
4296,2026-07-15,WH-DEL-01,ITM-SSD-01,0,3,85,0,none,simulated,system_sim
4297,2026-07-15,WH-DEL-01,ITM-HDD-01,0,1,57,0,none,simulated,system_sim
4298,2026-07-15,WH-DEL-01,ITM-CHG-01,0,3,144,0,none,simulated,system_sim
4299,2026-07-15,WH-DEL-01,ITM-CBL-01,0,9,277,0,none,simulated,system_sim
4300,2026-07-15,WH-CCU-01,ITM-CPU-01,0,0,45,0,none,simulated,system_sim
4301,2026-07-15,WH-CCU-01,ITM-GPU-01,0,2,24,0,none,simulated,system_sim
4302,2026-07-15,WH-CCU-01,ITM-RAM-01,0,9,49,0,none,simulated,system_sim
4303,2026-07-15,WH-CCU-01,ITM-SSD-01,0,0,89,0,none,simulated,system_sim
4304,2026-07-15,WH-CCU-01,ITM-HDD-01,0,0,59,0,none,simulated,system_sim
4305,2026-07-15,WH-CCU-01,ITM-CHG-01,0,8,127,0,none,simulated,system_sim
4306,2026-07-15,WH-CCU-01,ITM-CBL-01,0,7,283,0,none,simulated,system_sim
4307,2026-07-16,WH-BLR-01,ITM-CPU-01,0,3,37,0,none,simulated,system_sim
4308,2026-07-16,WH-BLR-01,ITM-GPU-01,0,2,27,0,none,simulated,system_sim
4309,2026-07-16,WH-BLR-01,ITM-RAM-01,0,9,42,0,none,simulated,system_sim
4310,2026-07-16,WH-BLR-01,ITM-SSD-01,0,1,84,0,none,simulated,system_sim
4311,2026-07-16,WH-BLR-01,ITM-HDD-01,0,0,58,0,none,simulated,system_sim
4312,2026-07-16,WH-BLR-01,ITM-CHG-01,0,9,124,0,none,simulated,system_sim
4313,2026-07-16,WH-BLR-01,ITM-CBL-01,0,9,274,0,none,simulated,system_sim
4314,2026-07-16,WH-CHN-01,ITM-CPU-01,0,2,41,0,none,simulated,system_sim
4315,2026-07-16,WH-CHN-01,ITM-GPU-01,0,0,29,0,none,simulated,system_sim
4316,2026-07-16,WH-CHN-01,ITM-RAM-01,0,2,53,0,none,simulated,system_sim
4317,2026-07-16,WH-CHN-01,ITM-SSD-01,0,0,89,0,none,simulated,system_sim
4318,2026-07-16,WH-CHN-01,ITM-HDD-01,0,0,56,0,none,simulated,system_sim
4319,2026-07-16,WH-CHN-01,ITM-CHG-01,0,1,125,0,none,simulated,system_sim
4320,2026-07-16,WH-CHN-01,ITM-CBL-01,0,8,279,0,none,simulated,system_sim
4321,2026-07-16,WH-BOM-01,ITM-CPU-01,0,3,40,0,none,simulated,system_sim
4322,2026-07-16,WH-BOM-01,ITM-GPU-01,0,0,27,0,none,simulated,system_sim
4323,2026-07-16,WH-BOM-01,ITM-RAM-01,0,1,61,0,none,simulated,system_sim
4324,2026-07-16,WH-BOM-01,ITM-SSD-01,0,0,85,0,none,simulated,system_sim
4325,2026-07-16,WH-BOM-01,ITM-HDD-01,0,0,53,0,none,simulated,system_sim
4326,2026-07-16,WH-BOM-01,ITM-CHG-01,0,1,136,0,none,simulated,system_sim
4327,2026-07-16,WH-BOM-01,ITM-CBL-01,0,10,277,0,none,simulated,system_sim
4328,2026-07-16,WH-DEL-01,ITM-CPU-01,0,3,38,0,none,simulated,system_sim
4329,2026-07-16,WH-DEL-01,ITM-GPU-01,0,2,26,0,none,simulated,system_sim
4330,2026-07-16,WH-DEL-01,ITM-RAM-01,0,9,52,0,none,simulated,system_sim
4331,2026-07-16,WH-DEL-01,ITM-SSD-01,0,1,84,0,none,simulated,system_sim
4332,2026-07-16,WH-DEL-01,ITM-HDD-01,0,0,57,0,none,simulated,system_sim
4333,2026-07-16,WH-DEL-01,ITM-CHG-01,0,3,141,0,none,simulated,system_sim
4334,2026-07-16,WH-DEL-01,ITM-CBL-01,0,2,275,0,none,simulated,system_sim
4335,2026-07-16,WH-CCU-01,ITM-CPU-01,0,0,45,0,none,simulated,system_sim
4336,2026-07-16,WH-CCU-01,ITM-GPU-01,0,2,22,0,none,simulated,system_sim
4337,2026-07-16,WH-CCU-01,ITM-RAM-01,0,3,46,0,none,simulated,system_sim
4338,2026-07-16,WH-CCU-01,ITM-SSD-01,0,3,86,0,none,simulated,system_sim
4339,2026-07-16,WH-CCU-01,ITM-HDD-01,0,1,58,0,none,simulated,system_sim
4340,2026-07-16,WH-CCU-01,ITM-CHG-01,0,9,118,0,none,simulated,system_sim
4341,2026-07-16,WH-CCU-01,ITM-CBL-01,0,6,277,0,none,simulated,system_sim
4342,2026-07-17,WH-BLR-01,ITM-CPU-01,0,2,35,0,none,simulated,system_sim
4343,2026-07-17,WH-BLR-01,ITM-GPU-01,0,2,25,0,none,simulated,system_sim
4344,2026-07-17,WH-BLR-01,ITM-RAM-01,0,10,32,0,none,simulated,system_sim
4345,2026-07-17,WH-BLR-01,ITM-SSD-01,0,0,84,0,none,simulated,system_sim
4346,2026-07-17,WH-BLR-01,ITM-HDD-01,0,0,58,0,none,simulated,system_sim
4347,2026-07-17,WH-BLR-01,ITM-CHG-01,0,8,116,0,none,simulated,system_sim
4348,2026-07-17,WH-BLR-01,ITM-CBL-01,0,6,268,0,none,simulated,system_sim
4349,2026-07-17,WH-CHN-01,ITM-CPU-01,0,0,41,0,none,simulated,system_sim
4350,2026-07-17,WH-CHN-01,ITM-GPU-01,0,0,29,0,none,simulated,system_sim
4351,2026-07-17,WH-CHN-01,ITM-RAM-01,0,4,49,0,none,simulated,system_sim
4352,2026-07-17,WH-CHN-01,ITM-SSD-01,0,2,87,0,none,simulated,system_sim
4353,2026-07-17,WH-CHN-01,ITM-HDD-01,0,3,53,0,none,simulated,system_sim
4354,2026-07-17,WH-CHN-01,ITM-CHG-01,0,2,123,0,none,simulated,system_sim
4355,2026-07-17,WH-CHN-01,ITM-CBL-01,0,8,271,0,none,simulated,system_sim
4356,2026-07-17,WH-BOM-01,ITM-CPU-01,0,0,40,0,none,simulated,system_sim
4357,2026-07-17,WH-BOM-01,ITM-GPU-01,0,0,27,0,none,simulated,system_sim
4358,2026-07-17,WH-BOM-01,ITM-RAM-01,0,6,55,0,none,simulated,system_sim
4359,2026-07-17,WH-BOM-01,ITM-SSD-01,0,2,83,0,none,simulated,system_sim
4360,2026-07-17,WH-BOM-01,ITM-HDD-01,0,2,51,0,none,simulated,system_sim
4361,2026-07-17,WH-BOM-01,ITM-CHG-01,0,9,127,0,none,simulated,system_sim
4362,2026-07-17,WH-BOM-01,ITM-CBL-01,0,3,274,0,none,simulated,system_sim
4363,2026-07-17,WH-DEL-01,ITM-CPU-01,0,3,35,0,none,simulated,system_sim
4364,2026-07-17,WH-DEL-01,ITM-GPU-01,0,0,26,0,none,simulated,system_sim
4365,2026-07-17,WH-DEL-01,ITM-RAM-01,0,4,48,0,none,simulated,system_sim
4366,2026-07-17,WH-DEL-01,ITM-SSD-01,0,0,84,0,none,simulated,system_sim
4367,2026-07-17,WH-DEL-01,ITM-HDD-01,0,0,57,0,none,simulated,system_sim
4368,2026-07-17,WH-DEL-01,ITM-CHG-01,0,9,132,0,none,simulated,system_sim
4369,2026-07-17,WH-DEL-01,ITM-CBL-01,0,8,267,0,none,simulated,system_sim
4370,2026-07-17,WH-CCU-01,ITM-CPU-01,0,0,45,0,none,simulated,system_sim
4371,2026-07-17,WH-CCU-01,ITM-GPU-01,0,0,22,0,none,simulated,system_sim
4372,2026-07-17,WH-CCU-01,ITM-RAM-01,0,3,43,0,none,simulated,system_sim
4373,2026-07-17,WH-CCU-01,ITM-SSD-01,0,0,86,0,none,simulated,system_sim
4374,2026-07-17,WH-CCU-01,ITM-HDD-01,0,0,58,0,none,simulated,system_sim
4375,2026-07-17,WH-CCU-01,ITM-CHG-01,0,6,112,0,none,simulated,system_sim
4376,2026-07-17,WH-CCU-01,ITM-CBL-01,0,2,275,0,none,simulated,system_sim
4377,2026-07-18,WH-BLR-01,ITM-CPU-01,0,0,35,0,none,simulated,system_sim
4378,2026-07-18,WH-BLR-01,ITM-GPU-01,0,0,25,0,none,simulated,system_sim
4379,2026-07-18,WH-BLR-01,ITM-RAM-01,75,9,98,0,none,simulated,system_sim
4380,2026-07-18,WH-BLR-01,ITM-SSD-01,0,0,84,0,none,simulated,system_sim
4381,2026-07-18,WH-BLR-01,ITM-HDD-01,0,1,57,0,none,simulated,system_sim
4382,2026-07-18,WH-BLR-01,ITM-CHG-01,0,2,114,0,none,simulated,system_sim
4383,2026-07-18,WH-BLR-01,ITM-CBL-01,0,1,267,0,none,simulated,system_sim
4384,2026-07-18,WH-CHN-01,ITM-CPU-01,0,2,39,0,none,simulated,system_sim
4385,2026-07-18,WH-CHN-01,ITM-GPU-01,0,0,29,0,none,simulated,system_sim
4386,2026-07-18,WH-CHN-01,ITM-RAM-01,0,7,42,0,none,simulated,system_sim
4387,2026-07-18,WH-CHN-01,ITM-SSD-01,0,1,86,0,none,simulated,system_sim
4388,2026-07-18,WH-CHN-01,ITM-HDD-01,0,2,51,0,none,simulated,system_sim
4389,2026-07-18,WH-CHN-01,ITM-CHG-01,0,5,118,0,none,simulated,system_sim
4390,2026-07-18,WH-CHN-01,ITM-CBL-01,0,6,265,0,none,simulated,system_sim
4391,2026-07-18,WH-BOM-01,ITM-CPU-01,0,3,37,0,none,simulated,system_sim
4392,2026-07-18,WH-BOM-01,ITM-GPU-01,0,0,27,0,none,simulated,system_sim
4393,2026-07-18,WH-BOM-01,ITM-RAM-01,0,7,48,0,none,simulated,system_sim
4394,2026-07-18,WH-BOM-01,ITM-SSD-01,0,0,83,0,none,simulated,system_sim
4395,2026-07-18,WH-BOM-01,ITM-HDD-01,0,1,50,0,none,simulated,system_sim
4396,2026-07-18,WH-BOM-01,ITM-CHG-01,0,6,121,0,none,simulated,system_sim
4397,2026-07-18,WH-BOM-01,ITM-CBL-01,0,8,266,0,none,simulated,system_sim
4398,2026-07-18,WH-DEL-01,ITM-CPU-01,0,0,35,0,none,simulated,system_sim
4399,2026-07-18,WH-DEL-01,ITM-GPU-01,0,1,25,0,none,simulated,system_sim
4400,2026-07-18,WH-DEL-01,ITM-RAM-01,0,9,39,0,none,simulated,system_sim
4401,2026-07-18,WH-DEL-01,ITM-SSD-01,0,3,81,0,none,simulated,system_sim
4402,2026-07-18,WH-DEL-01,ITM-HDD-01,0,2,55,0,none,simulated,system_sim
4403,2026-07-18,WH-DEL-01,ITM-CHG-01,0,10,122,0,none,simulated,system_sim
4404,2026-07-18,WH-DEL-01,ITM-CBL-01,0,3,264,0,none,simulated,system_sim
4405,2026-07-18,WH-CCU-01,ITM-CPU-01,0,2,43,0,none,simulated,system_sim
4406,2026-07-18,WH-CCU-01,ITM-GPU-01,0,0,22,0,none,simulated,system_sim
4407,2026-07-18,WH-CCU-01,ITM-RAM-01,0,7,36,0,none,simulated,system_sim
4408,2026-07-18,WH-CCU-01,ITM-SSD-01,0,3,83,0,none,simulated,system_sim
4409,2026-07-18,WH-CCU-01,ITM-HDD-01,0,1,57,0,none,simulated,system_sim
4410,2026-07-18,WH-CCU-01,ITM-CHG-01,0,4,108,0,none,simulated,system_sim
4411,2026-07-18,WH-CCU-01,ITM-CBL-01,0,3,272,0,none,simulated,system_sim
4412,2026-07-19,WH-BLR-01,ITM-CPU-01,0,0,35,0,none,simulated,system_sim
4413,2026-07-19,WH-BLR-01,ITM-GPU-01,0,1,24,0,none,simulated,system_sim
4414,2026-07-19,WH-BLR-01,ITM-RAM-01,0,5,93,0,none,simulated,system_sim
4415,2026-07-19,WH-BLR-01,ITM-SSD-01,0,2,82,0,none,simulated,system_sim
4416,2026-07-19,WH-BLR-01,ITM-HDD-01,0,1,56,0,none,simulated,system_sim
4417,2026-07-19,WH-BLR-01,ITM-CHG-01,0,10,104,0,none,simulated,system_sim
4418,2026-07-19,WH-BLR-01,ITM-CBL-01,0,7,260,0,none,simulated,system_sim
4419,2026-07-19,WH-CHN-01,ITM-CPU-01,0,1,38,0,none,simulated,system_sim
4420,2026-07-19,WH-CHN-01,ITM-GPU-01,0,2,27,0,none,simulated,system_sim
4421,2026-07-19,WH-CHN-01,ITM-RAM-01,0,8,34,0,none,simulated,system_sim
4422,2026-07-19,WH-CHN-01,ITM-SSD-01,0,0,86,0,none,simulated,system_sim
4423,2026-07-19,WH-CHN-01,ITM-HDD-01,0,1,50,0,none,simulated,system_sim
4424,2026-07-19,WH-CHN-01,ITM-CHG-01,0,8,110,0,none,simulated,system_sim
4425,2026-07-19,WH-CHN-01,ITM-CBL-01,0,2,263,0,none,simulated,system_sim
4426,2026-07-19,WH-BOM-01,ITM-CPU-01,0,3,34,0,none,simulated,system_sim
4427,2026-07-19,WH-BOM-01,ITM-GPU-01,0,1,26,0,none,simulated,system_sim
4428,2026-07-19,WH-BOM-01,ITM-RAM-01,0,3,45,0,none,simulated,system_sim
4429,2026-07-19,WH-BOM-01,ITM-SSD-01,0,1,82,0,none,simulated,system_sim
4430,2026-07-19,WH-BOM-01,ITM-HDD-01,0,3,47,0,none,simulated,system_sim
4431,2026-07-19,WH-BOM-01,ITM-CHG-01,0,7,114,0,none,simulated,system_sim
4432,2026-07-19,WH-BOM-01,ITM-CBL-01,0,4,262,0,none,simulated,system_sim
4433,2026-07-19,WH-DEL-01,ITM-CPU-01,0,0,35,0,none,simulated,system_sim
4434,2026-07-19,WH-DEL-01,ITM-GPU-01,0,2,23,0,none,simulated,system_sim
4435,2026-07-19,WH-DEL-01,ITM-RAM-01,0,4,35,0,none,simulated,system_sim
4436,2026-07-19,WH-DEL-01,ITM-SSD-01,0,2,79,0,none,simulated,system_sim
4437,2026-07-19,WH-DEL-01,ITM-HDD-01,0,3,52,0,none,simulated,system_sim
4438,2026-07-19,WH-DEL-01,ITM-CHG-01,0,5,117,0,none,simulated,system_sim
4439,2026-07-19,WH-DEL-01,ITM-CBL-01,0,2,262,0,none,simulated,system_sim
4440,2026-07-19,WH-CCU-01,ITM-CPU-01,0,3,40,0,none,simulated,system_sim
4441,2026-07-19,WH-CCU-01,ITM-GPU-01,0,0,22,0,none,simulated,system_sim
4442,2026-07-19,WH-CCU-01,ITM-RAM-01,75,5,106,0,none,simulated,system_sim
4443,2026-07-19,WH-CCU-01,ITM-SSD-01,0,3,80,0,none,simulated,system_sim
4444,2026-07-19,WH-CCU-01,ITM-HDD-01,0,2,55,0,none,simulated,system_sim
4445,2026-07-19,WH-CCU-01,ITM-CHG-01,0,2,106,0,none,simulated,system_sim
4446,2026-07-19,WH-CCU-01,ITM-CBL-01,0,1,271,0,none,simulated,system_sim
4447,2026-07-20,WH-BLR-01,ITM-CPU-01,0,0,35,0,none,simulated,system_sim
4448,2026-07-20,WH-BLR-01,ITM-GPU-01,0,0,24,0,none,simulated,system_sim
4449,2026-07-20,WH-BLR-01,ITM-RAM-01,0,10,83,0,none,simulated,system_sim
4450,2026-07-20,WH-BLR-01,ITM-SSD-01,0,3,79,0,none,simulated,system_sim
4451,2026-07-20,WH-BLR-01,ITM-HDD-01,0,0,56,0,none,simulated,system_sim
4452,2026-07-20,WH-BLR-01,ITM-CHG-01,0,4,100,0,none,simulated,system_sim
4453,2026-07-20,WH-BLR-01,ITM-CBL-01,0,4,256,0,none,simulated,system_sim
4454,2026-07-20,WH-CHN-01,ITM-CPU-01,0,2,36,0,none,simulated,system_sim
4455,2026-07-20,WH-CHN-01,ITM-GPU-01,0,2,25,0,none,simulated,system_sim
4456,2026-07-20,WH-CHN-01,ITM-RAM-01,75,8,101,0,none,simulated,system_sim
4457,2026-07-20,WH-CHN-01,ITM-SSD-01,0,1,85,0,none,simulated,system_sim
4458,2026-07-20,WH-CHN-01,ITM-HDD-01,0,2,48,0,none,simulated,system_sim
4459,2026-07-20,WH-CHN-01,ITM-CHG-01,0,6,104,0,none,simulated,system_sim
4460,2026-07-20,WH-CHN-01,ITM-CBL-01,0,7,256,0,none,simulated,system_sim
4461,2026-07-20,WH-BOM-01,ITM-CPU-01,0,3,31,0,none,simulated,system_sim
4462,2026-07-20,WH-BOM-01,ITM-GPU-01,0,0,26,0,none,simulated,system_sim
4463,2026-07-20,WH-BOM-01,ITM-RAM-01,0,4,41,0,none,simulated,system_sim
4464,2026-07-20,WH-BOM-01,ITM-SSD-01,0,3,79,0,none,simulated,system_sim
4465,2026-07-20,WH-BOM-01,ITM-HDD-01,0,0,47,0,none,simulated,system_sim
4466,2026-07-20,WH-BOM-01,ITM-CHG-01,0,2,112,0,none,simulated,system_sim
4467,2026-07-20,WH-BOM-01,ITM-CBL-01,0,8,254,0,none,simulated,system_sim
4468,2026-07-20,WH-DEL-01,ITM-CPU-01,0,0,35,0,none,simulated,system_sim
4469,2026-07-20,WH-DEL-01,ITM-GPU-01,0,2,21,0,none,simulated,system_sim
4470,2026-07-20,WH-DEL-01,ITM-RAM-01,75,3,107,0,none,simulated,system_sim
4471,2026-07-20,WH-DEL-01,ITM-SSD-01,0,1,78,0,none,simulated,system_sim
4472,2026-07-20,WH-DEL-01,ITM-HDD-01,0,3,49,0,none,simulated,system_sim
4473,2026-07-20,WH-DEL-01,ITM-CHG-01,0,10,107,0,none,simulated,system_sim
4474,2026-07-20,WH-DEL-01,ITM-CBL-01,0,1,261,0,none,simulated,system_sim
4475,2026-07-20,WH-CCU-01,ITM-CPU-01,0,0,40,0,none,simulated,system_sim
4476,2026-07-20,WH-CCU-01,ITM-GPU-01,0,1,21,0,none,simulated,system_sim
4477,2026-07-20,WH-CCU-01,ITM-RAM-01,0,1,105,0,none,simulated,system_sim
4478,2026-07-20,WH-CCU-01,ITM-SSD-01,0,3,77,0,none,simulated,system_sim
4479,2026-07-20,WH-CCU-01,ITM-HDD-01,0,3,52,0,none,simulated,system_sim
4480,2026-07-20,WH-CCU-01,ITM-CHG-01,0,1,105,0,none,simulated,system_sim
4481,2026-07-20,WH-CCU-01,ITM-CBL-01,0,8,263,0,none,simulated,system_sim
4482,2026-07-21,WH-BLR-01,ITM-CPU-01,0,0,35,0,none,simulated,system_sim
4483,2026-07-21,WH-BLR-01,ITM-GPU-01,0,1,23,0,none,simulated,system_sim
4484,2026-07-21,WH-BLR-01,ITM-RAM-01,0,8,75,0,none,simulated,system_sim
4485,2026-07-21,WH-BLR-01,ITM-SSD-01,0,2,77,0,none,simulated,system_sim
4486,2026-07-21,WH-BLR-01,ITM-HDD-01,0,0,56,0,none,simulated,system_sim
4487,2026-07-21,WH-BLR-01,ITM-CHG-01,0,1,99,0,none,simulated,system_sim
4488,2026-07-21,WH-BLR-01,ITM-CBL-01,0,1,255,0,none,simulated,system_sim
4489,2026-07-21,WH-CHN-01,ITM-CPU-01,0,1,35,0,none,simulated,system_sim
4490,2026-07-21,WH-CHN-01,ITM-GPU-01,0,0,25,0,none,simulated,system_sim
4491,2026-07-21,WH-CHN-01,ITM-RAM-01,0,7,94,0,none,simulated,system_sim
4492,2026-07-21,WH-CHN-01,ITM-SSD-01,0,2,83,0,none,simulated,system_sim
4493,2026-07-21,WH-CHN-01,ITM-HDD-01,0,1,47,0,none,simulated,system_sim
4494,2026-07-21,WH-CHN-01,ITM-CHG-01,0,1,103,0,none,simulated,system_sim
4495,2026-07-21,WH-CHN-01,ITM-CBL-01,0,6,250,0,none,simulated,system_sim
4496,2026-07-21,WH-BOM-01,ITM-CPU-01,0,2,29,0,none,simulated,system_sim
4497,2026-07-21,WH-BOM-01,ITM-GPU-01,0,0,26,0,none,simulated,system_sim
4498,2026-07-21,WH-BOM-01,ITM-RAM-01,0,7,34,0,none,simulated,system_sim
4499,2026-07-21,WH-BOM-01,ITM-SSD-01,0,0,79,0,none,simulated,system_sim
4500,2026-07-21,WH-BOM-01,ITM-HDD-01,0,0,47,0,none,simulated,system_sim
4501,2026-07-21,WH-BOM-01,ITM-CHG-01,0,4,108,0,none,simulated,system_sim
4502,2026-07-21,WH-BOM-01,ITM-CBL-01,0,2,252,0,none,simulated,system_sim
4503,2026-07-21,WH-DEL-01,ITM-CPU-01,0,1,34,0,none,simulated,system_sim
4504,2026-07-21,WH-DEL-01,ITM-GPU-01,0,0,21,0,none,simulated,system_sim
4505,2026-07-21,WH-DEL-01,ITM-RAM-01,0,1,106,0,none,simulated,system_sim
4506,2026-07-21,WH-DEL-01,ITM-SSD-01,0,1,77,0,none,simulated,system_sim
4507,2026-07-21,WH-DEL-01,ITM-HDD-01,0,0,49,0,none,simulated,system_sim
4508,2026-07-21,WH-DEL-01,ITM-CHG-01,0,6,101,0,none,simulated,system_sim
4509,2026-07-21,WH-DEL-01,ITM-CBL-01,0,5,256,0,none,simulated,system_sim
4510,2026-07-21,WH-CCU-01,ITM-CPU-01,0,0,40,0,none,simulated,system_sim
4511,2026-07-21,WH-CCU-01,ITM-GPU-01,0,0,21,0,none,simulated,system_sim
4512,2026-07-21,WH-CCU-01,ITM-RAM-01,0,6,99,0,none,simulated,system_sim
4513,2026-07-21,WH-CCU-01,ITM-SSD-01,0,2,75,0,none,simulated,system_sim
4514,2026-07-21,WH-CCU-01,ITM-HDD-01,0,2,50,0,none,simulated,system_sim
4515,2026-07-21,WH-CCU-01,ITM-CHG-01,0,2,103,0,none,simulated,system_sim
4516,2026-07-21,WH-CCU-01,ITM-CBL-01,0,1,262,0,none,simulated,system_sim
4517,2026-07-22,WH-BLR-01,ITM-CPU-01,0,0,35,0,none,simulated,system_sim
4518,2026-07-22,WH-BLR-01,ITM-GPU-01,0,0,23,0,none,simulated,system_sim
4519,2026-07-22,WH-BLR-01,ITM-RAM-01,0,7,68,0,none,simulated,system_sim
4520,2026-07-22,WH-BLR-01,ITM-SSD-01,0,0,77,0,none,simulated,system_sim
4521,2026-07-22,WH-BLR-01,ITM-HDD-01,0,1,55,0,none,simulated,system_sim
4522,2026-07-22,WH-BLR-01,ITM-CHG-01,0,2,97,0,none,simulated,system_sim
4523,2026-07-22,WH-BLR-01,ITM-CBL-01,0,3,252,0,none,simulated,system_sim
4524,2026-07-22,WH-CHN-01,ITM-CPU-01,0,0,35,0,none,simulated,system_sim
4525,2026-07-22,WH-CHN-01,ITM-GPU-01,0,0,25,0,none,simulated,system_sim
4526,2026-07-22,WH-CHN-01,ITM-RAM-01,0,1,93,0,none,simulated,system_sim
4527,2026-07-22,WH-CHN-01,ITM-SSD-01,0,3,80,0,none,simulated,system_sim
4528,2026-07-22,WH-CHN-01,ITM-HDD-01,0,0,47,0,none,simulated,system_sim
4529,2026-07-22,WH-CHN-01,ITM-CHG-01,0,2,101,0,none,simulated,system_sim
4530,2026-07-22,WH-CHN-01,ITM-CBL-01,0,2,248,0,none,simulated,system_sim
4531,2026-07-22,WH-BOM-01,ITM-CPU-01,0,2,27,0,none,simulated,system_sim
4532,2026-07-22,WH-BOM-01,ITM-GPU-01,0,0,26,0,none,simulated,system_sim
4533,2026-07-22,WH-BOM-01,ITM-RAM-01,75,10,99,0,none,simulated,system_sim
4534,2026-07-22,WH-BOM-01,ITM-SSD-01,0,2,77,0,none,simulated,system_sim
4535,2026-07-22,WH-BOM-01,ITM-HDD-01,0,0,47,0,none,simulated,system_sim
4536,2026-07-22,WH-BOM-01,ITM-CHG-01,0,8,100,0,none,simulated,system_sim
4537,2026-07-22,WH-BOM-01,ITM-CBL-01,0,10,242,0,none,simulated,system_sim
4538,2026-07-22,WH-DEL-01,ITM-CPU-01,0,1,33,0,none,simulated,system_sim
4539,2026-07-22,WH-DEL-01,ITM-GPU-01,0,1,20,0,none,simulated,system_sim
4540,2026-07-22,WH-DEL-01,ITM-RAM-01,0,4,102,0,none,simulated,system_sim
4541,2026-07-22,WH-DEL-01,ITM-SSD-01,0,0,77,0,none,simulated,system_sim
4542,2026-07-22,WH-DEL-01,ITM-HDD-01,0,0,49,0,none,simulated,system_sim
4543,2026-07-22,WH-DEL-01,ITM-CHG-01,0,8,93,0,none,simulated,system_sim
4544,2026-07-22,WH-DEL-01,ITM-CBL-01,0,1,255,0,none,simulated,system_sim
4545,2026-07-22,WH-CCU-01,ITM-CPU-01,0,2,38,0,none,simulated,system_sim
4546,2026-07-22,WH-CCU-01,ITM-GPU-01,0,0,21,0,none,simulated,system_sim
4547,2026-07-22,WH-CCU-01,ITM-RAM-01,0,2,97,0,none,simulated,system_sim
4548,2026-07-22,WH-CCU-01,ITM-SSD-01,0,1,74,0,none,simulated,system_sim
4549,2026-07-22,WH-CCU-01,ITM-HDD-01,0,3,47,0,none,simulated,system_sim
4550,2026-07-22,WH-CCU-01,ITM-CHG-01,0,1,102,0,none,simulated,system_sim
4551,2026-07-22,WH-CCU-01,ITM-CBL-01,0,9,253,0,none,simulated,system_sim
4552,2026-07-23,WH-BLR-01,ITM-CPU-01,0,0,35,0,none,simulated,system_sim
4553,2026-07-23,WH-BLR-01,ITM-GPU-01,0,1,22,0,none,simulated,system_sim
4554,2026-07-23,WH-BLR-01,ITM-RAM-01,0,2,66,0,none,simulated,system_sim
4555,2026-07-23,WH-BLR-01,ITM-SSD-01,0,0,77,0,none,simulated,system_sim
4556,2026-07-23,WH-BLR-01,ITM-HDD-01,0,2,53,0,none,simulated,system_sim
4557,2026-07-23,WH-BLR-01,ITM-CHG-01,0,2,95,0,none,simulated,system_sim
4558,2026-07-23,WH-BLR-01,ITM-CBL-01,0,10,242,0,none,simulated,system_sim
4559,2026-07-23,WH-CHN-01,ITM-CPU-01,0,0,35,0,none,simulated,system_sim
4560,2026-07-23,WH-CHN-01,ITM-GPU-01,0,2,23,0,none,simulated,system_sim
4561,2026-07-23,WH-CHN-01,ITM-RAM-01,0,4,89,0,none,simulated,system_sim
4562,2026-07-23,WH-CHN-01,ITM-SSD-01,0,0,80,0,none,simulated,system_sim
4563,2026-07-23,WH-CHN-01,ITM-HDD-01,0,1,46,0,none,simulated,system_sim
4564,2026-07-23,WH-CHN-01,ITM-CHG-01,0,7,94,0,none,simulated,system_sim
4565,2026-07-23,WH-CHN-01,ITM-CBL-01,0,7,241,0,none,simulated,system_sim
4566,2026-07-23,WH-BOM-01,ITM-CPU-01,0,0,27,0,none,simulated,system_sim
4567,2026-07-23,WH-BOM-01,ITM-GPU-01,0,0,26,0,none,simulated,system_sim
4568,2026-07-23,WH-BOM-01,ITM-RAM-01,0,10,89,0,none,simulated,system_sim
4569,2026-07-23,WH-BOM-01,ITM-SSD-01,0,1,76,0,none,simulated,system_sim
4570,2026-07-23,WH-BOM-01,ITM-HDD-01,0,2,45,0,none,simulated,system_sim
4571,2026-07-23,WH-BOM-01,ITM-CHG-01,0,9,91,0,none,simulated,system_sim
4572,2026-07-23,WH-BOM-01,ITM-CBL-01,0,1,241,0,none,simulated,system_sim
4573,2026-07-23,WH-DEL-01,ITM-CPU-01,0,1,32,0,none,simulated,system_sim
4574,2026-07-23,WH-DEL-01,ITM-GPU-01,0,0,20,0,none,simulated,system_sim
4575,2026-07-23,WH-DEL-01,ITM-RAM-01,0,1,101,0,none,simulated,system_sim
4576,2026-07-23,WH-DEL-01,ITM-SSD-01,0,1,76,0,none,simulated,system_sim
4577,2026-07-23,WH-DEL-01,ITM-HDD-01,0,2,47,0,none,simulated,system_sim
4578,2026-07-23,WH-DEL-01,ITM-CHG-01,0,10,83,0,none,simulated,system_sim
4579,2026-07-23,WH-DEL-01,ITM-CBL-01,0,7,248,0,none,simulated,system_sim
4580,2026-07-23,WH-CCU-01,ITM-CPU-01,0,0,38,0,none,simulated,system_sim
4581,2026-07-23,WH-CCU-01,ITM-GPU-01,0,2,19,0,none,simulated,system_sim
4582,2026-07-23,WH-CCU-01,ITM-RAM-01,0,7,90,0,none,simulated,system_sim
4583,2026-07-23,WH-CCU-01,ITM-SSD-01,0,3,71,0,none,simulated,system_sim
4584,2026-07-23,WH-CCU-01,ITM-HDD-01,0,1,46,0,none,simulated,system_sim
4585,2026-07-23,WH-CCU-01,ITM-CHG-01,0,2,100,0,none,simulated,system_sim
4586,2026-07-23,WH-CCU-01,ITM-CBL-01,0,2,251,0,none,simulated,system_sim
4587,2026-07-24,WH-BLR-01,ITM-CPU-01,0,2,33,0,none,simulated,system_sim
4588,2026-07-24,WH-BLR-01,ITM-GPU-01,0,0,22,0,none,simulated,system_sim
4589,2026-07-24,WH-BLR-01,ITM-RAM-01,0,2,64,0,none,simulated,system_sim
4590,2026-07-24,WH-BLR-01,ITM-SSD-01,0,1,76,0,none,simulated,system_sim
4591,2026-07-24,WH-BLR-01,ITM-HDD-01,0,1,52,0,none,simulated,system_sim
4592,2026-07-24,WH-BLR-01,ITM-CHG-01,0,10,85,0,none,simulated,system_sim
4593,2026-07-24,WH-BLR-01,ITM-CBL-01,0,7,235,0,none,simulated,system_sim
4594,2026-07-24,WH-CHN-01,ITM-CPU-01,0,3,32,0,none,simulated,system_sim
4595,2026-07-24,WH-CHN-01,ITM-GPU-01,0,1,22,0,none,simulated,system_sim
4596,2026-07-24,WH-CHN-01,ITM-RAM-01,0,2,87,0,none,simulated,system_sim
4597,2026-07-24,WH-CHN-01,ITM-SSD-01,0,0,80,0,none,simulated,system_sim
4598,2026-07-24,WH-CHN-01,ITM-HDD-01,0,0,46,0,none,simulated,system_sim
4599,2026-07-24,WH-CHN-01,ITM-CHG-01,0,9,85,0,none,simulated,system_sim
4600,2026-07-24,WH-CHN-01,ITM-CBL-01,0,7,234,0,none,simulated,system_sim
4601,2026-07-24,WH-BOM-01,ITM-CPU-01,0,0,27,0,none,simulated,system_sim
4602,2026-07-24,WH-BOM-01,ITM-GPU-01,0,0,26,0,none,simulated,system_sim
4603,2026-07-24,WH-BOM-01,ITM-RAM-01,0,4,85,0,none,simulated,system_sim
4604,2026-07-24,WH-BOM-01,ITM-SSD-01,0,0,76,0,none,simulated,system_sim
4605,2026-07-24,WH-BOM-01,ITM-HDD-01,0,2,43,0,none,simulated,system_sim
4606,2026-07-24,WH-BOM-01,ITM-CHG-01,0,5,86,0,none,simulated,system_sim
4607,2026-07-24,WH-BOM-01,ITM-CBL-01,0,5,236,0,none,simulated,system_sim
4608,2026-07-24,WH-DEL-01,ITM-CPU-01,0,2,30,0,none,simulated,system_sim
4609,2026-07-24,WH-DEL-01,ITM-GPU-01,0,0,20,0,none,simulated,system_sim
4610,2026-07-24,WH-DEL-01,ITM-RAM-01,0,6,95,0,none,simulated,system_sim
4611,2026-07-24,WH-DEL-01,ITM-SSD-01,0,1,75,0,none,simulated,system_sim
4612,2026-07-24,WH-DEL-01,ITM-HDD-01,0,3,44,0,none,simulated,system_sim
4613,2026-07-24,WH-DEL-01,ITM-CHG-01,0,3,80,0,none,simulated,system_sim
4614,2026-07-24,WH-DEL-01,ITM-CBL-01,0,8,240,0,none,simulated,system_sim
4615,2026-07-24,WH-CCU-01,ITM-CPU-01,0,0,38,0,none,simulated,system_sim
4616,2026-07-24,WH-CCU-01,ITM-GPU-01,0,2,17,0,none,simulated,system_sim
4617,2026-07-24,WH-CCU-01,ITM-RAM-01,0,1,89,0,none,simulated,system_sim
4618,2026-07-24,WH-CCU-01,ITM-SSD-01,0,0,71,0,none,simulated,system_sim
4619,2026-07-24,WH-CCU-01,ITM-HDD-01,0,0,46,0,none,simulated,system_sim
4620,2026-07-24,WH-CCU-01,ITM-CHG-01,0,7,93,0,none,simulated,system_sim
4621,2026-07-24,WH-CCU-01,ITM-CBL-01,0,9,242,0,none,simulated,system_sim
4622,2026-07-25,WH-BLR-01,ITM-CPU-01,0,1,32,0,none,simulated,system_sim
4623,2026-07-25,WH-BLR-01,ITM-GPU-01,0,1,21,0,none,simulated,system_sim
4624,2026-07-25,WH-BLR-01,ITM-RAM-01,0,1,63,0,none,simulated,system_sim
4625,2026-07-25,WH-BLR-01,ITM-SSD-01,0,2,74,0,none,simulated,system_sim
4626,2026-07-25,WH-BLR-01,ITM-HDD-01,0,3,49,0,none,simulated,system_sim
4627,2026-07-25,WH-BLR-01,ITM-CHG-01,0,3,82,0,none,simulated,system_sim
4628,2026-07-25,WH-BLR-01,ITM-CBL-01,0,8,227,0,none,simulated,system_sim
4629,2026-07-25,WH-CHN-01,ITM-CPU-01,0,0,17,1,shrinkage,simulated,system_sim
4630,2026-07-25,WH-CHN-01,ITM-GPU-01,0,0,22,0,none,simulated,system_sim
4631,2026-07-25,WH-CHN-01,ITM-RAM-01,0,6,81,0,none,simulated,system_sim
4632,2026-07-25,WH-CHN-01,ITM-SSD-01,0,2,78,0,none,simulated,system_sim
4633,2026-07-25,WH-CHN-01,ITM-HDD-01,0,1,45,0,none,simulated,system_sim
4634,2026-07-25,WH-CHN-01,ITM-CHG-01,0,8,77,0,none,simulated,system_sim
4635,2026-07-25,WH-CHN-01,ITM-CBL-01,0,7,227,0,none,simulated,system_sim
4636,2026-07-25,WH-BOM-01,ITM-CPU-01,0,2,25,0,none,simulated,system_sim
4637,2026-07-25,WH-BOM-01,ITM-GPU-01,0,0,26,0,none,simulated,system_sim
4638,2026-07-25,WH-BOM-01,ITM-RAM-01,0,1,84,0,none,simulated,system_sim
4639,2026-07-25,WH-BOM-01,ITM-SSD-01,0,0,76,0,none,simulated,system_sim
4640,2026-07-25,WH-BOM-01,ITM-HDD-01,0,3,40,0,none,simulated,system_sim
4641,2026-07-25,WH-BOM-01,ITM-CHG-01,0,7,79,0,none,simulated,system_sim
4642,2026-07-25,WH-BOM-01,ITM-CBL-01,0,9,227,0,none,simulated,system_sim
4643,2026-07-25,WH-DEL-01,ITM-CPU-01,0,0,30,0,none,simulated,system_sim
4644,2026-07-25,WH-DEL-01,ITM-GPU-01,0,0,20,0,none,simulated,system_sim
4645,2026-07-25,WH-DEL-01,ITM-RAM-01,0,3,92,0,none,simulated,system_sim
4646,2026-07-25,WH-DEL-01,ITM-SSD-01,0,1,74,0,none,simulated,system_sim
4647,2026-07-25,WH-DEL-01,ITM-HDD-01,0,1,43,0,none,simulated,system_sim
4648,2026-07-25,WH-DEL-01,ITM-CHG-01,0,5,75,0,none,simulated,system_sim
4649,2026-07-25,WH-DEL-01,ITM-CBL-01,0,10,230,0,none,simulated,system_sim
4650,2026-07-25,WH-CCU-01,ITM-CPU-01,0,2,36,0,none,simulated,system_sim
4651,2026-07-25,WH-CCU-01,ITM-GPU-01,0,1,16,0,none,simulated,system_sim
4652,2026-07-25,WH-CCU-01,ITM-RAM-01,0,7,82,0,none,simulated,system_sim
4653,2026-07-25,WH-CCU-01,ITM-SSD-01,0,1,70,0,none,simulated,system_sim
4654,2026-07-25,WH-CCU-01,ITM-HDD-01,0,3,43,0,none,simulated,system_sim
4655,2026-07-25,WH-CCU-01,ITM-CHG-01,0,4,89,0,none,simulated,system_sim
4656,2026-07-25,WH-CCU-01,ITM-CBL-01,0,2,240,0,none,simulated,system_sim
4657,2026-07-26,WH-BLR-01,ITM-CPU-01,0,1,31,0,none,simulated,system_sim
4658,2026-07-26,WH-BLR-01,ITM-GPU-01,0,2,19,0,none,simulated,system_sim
4659,2026-07-26,WH-BLR-01,ITM-RAM-01,0,2,61,0,none,simulated,system_sim
4660,2026-07-26,WH-BLR-01,ITM-SSD-01,0,2,72,0,none,simulated,system_sim
4661,2026-07-26,WH-BLR-01,ITM-HDD-01,0,3,46,0,none,simulated,system_sim
4662,2026-07-26,WH-BLR-01,ITM-CHG-01,0,5,77,0,none,simulated,system_sim
4663,2026-07-26,WH-BLR-01,ITM-CBL-01,0,2,225,0,none,simulated,system_sim
4664,2026-07-26,WH-CHN-01,ITM-CPU-01,45,1,61,0,none,simulated,system_sim
4665,2026-07-26,WH-CHN-01,ITM-GPU-01,0,2,20,0,none,simulated,system_sim
4666,2026-07-26,WH-CHN-01,ITM-RAM-01,0,5,76,0,none,simulated,system_sim
4667,2026-07-26,WH-CHN-01,ITM-SSD-01,0,3,75,0,none,simulated,system_sim
4668,2026-07-26,WH-CHN-01,ITM-HDD-01,0,0,45,0,none,simulated,system_sim
4669,2026-07-26,WH-CHN-01,ITM-CHG-01,0,2,75,0,none,simulated,system_sim
4670,2026-07-26,WH-CHN-01,ITM-CBL-01,0,4,223,0,none,simulated,system_sim
4671,2026-07-26,WH-BOM-01,ITM-CPU-01,0,2,23,0,none,simulated,system_sim
4672,2026-07-26,WH-BOM-01,ITM-GPU-01,0,0,26,0,none,simulated,system_sim
4673,2026-07-26,WH-BOM-01,ITM-RAM-01,0,7,77,0,none,simulated,system_sim
4674,2026-07-26,WH-BOM-01,ITM-SSD-01,0,3,73,0,none,simulated,system_sim
4675,2026-07-26,WH-BOM-01,ITM-HDD-01,0,0,40,0,none,simulated,system_sim
4676,2026-07-26,WH-BOM-01,ITM-CHG-01,0,1,78,0,none,simulated,system_sim
4677,2026-07-26,WH-BOM-01,ITM-CBL-01,0,5,222,0,none,simulated,system_sim
4678,2026-07-26,WH-DEL-01,ITM-CPU-01,0,0,30,0,none,simulated,system_sim
4679,2026-07-26,WH-DEL-01,ITM-GPU-01,0,2,18,0,none,simulated,system_sim
4680,2026-07-26,WH-DEL-01,ITM-RAM-01,0,7,85,0,none,simulated,system_sim
4681,2026-07-26,WH-DEL-01,ITM-SSD-01,0,0,74,0,none,simulated,system_sim
4682,2026-07-26,WH-DEL-01,ITM-HDD-01,0,1,42,0,none,simulated,system_sim
4683,2026-07-26,WH-DEL-01,ITM-CHG-01,0,8,67,0,none,simulated,system_sim
4684,2026-07-26,WH-DEL-01,ITM-CBL-01,0,4,226,0,none,simulated,system_sim
4685,2026-07-26,WH-CCU-01,ITM-CPU-01,0,3,33,0,none,simulated,system_sim
4686,2026-07-26,WH-CCU-01,ITM-GPU-01,0,0,16,0,none,simulated,system_sim
4687,2026-07-26,WH-CCU-01,ITM-RAM-01,0,10,72,0,none,simulated,system_sim
4688,2026-07-26,WH-CCU-01,ITM-SSD-01,0,0,70,0,none,simulated,system_sim
4689,2026-07-26,WH-CCU-01,ITM-HDD-01,0,3,40,0,none,simulated,system_sim
4690,2026-07-26,WH-CCU-01,ITM-CHG-01,0,5,84,0,none,simulated,system_sim
4691,2026-07-26,WH-CCU-01,ITM-CBL-01,0,9,231,0,none,simulated,system_sim
4692,2026-07-27,WH-BLR-01,ITM-CPU-01,0,0,31,0,none,simulated,system_sim
4693,2026-07-27,WH-BLR-01,ITM-GPU-01,0,0,19,0,none,simulated,system_sim
4694,2026-07-27,WH-BLR-01,ITM-RAM-01,0,8,53,0,none,simulated,system_sim
4695,2026-07-27,WH-BLR-01,ITM-SSD-01,0,3,69,0,none,simulated,system_sim
4696,2026-07-27,WH-BLR-01,ITM-HDD-01,0,0,46,0,none,simulated,system_sim
4697,2026-07-27,WH-BLR-01,ITM-CHG-01,0,1,76,0,none,simulated,system_sim
4698,2026-07-27,WH-BLR-01,ITM-CBL-01,0,4,221,0,none,simulated,system_sim
4699,2026-07-27,WH-CHN-01,ITM-CPU-01,0,0,61,0,none,simulated,system_sim
4700,2026-07-27,WH-CHN-01,ITM-GPU-01,0,0,20,0,none,simulated,system_sim
4701,2026-07-27,WH-CHN-01,ITM-RAM-01,0,1,75,0,none,simulated,system_sim
4702,2026-07-27,WH-CHN-01,ITM-SSD-01,0,0,75,0,none,simulated,system_sim
4703,2026-07-27,WH-CHN-01,ITM-HDD-01,0,1,44,0,none,simulated,system_sim
4704,2026-07-27,WH-CHN-01,ITM-CHG-01,0,2,73,0,none,simulated,system_sim
4705,2026-07-27,WH-CHN-01,ITM-CBL-01,0,1,222,0,none,simulated,system_sim
4706,2026-07-27,WH-BOM-01,ITM-CPU-01,0,1,22,0,none,simulated,system_sim
4707,2026-07-27,WH-BOM-01,ITM-GPU-01,0,0,26,0,none,simulated,system_sim
4708,2026-07-27,WH-BOM-01,ITM-RAM-01,0,2,75,0,none,simulated,system_sim
4709,2026-07-27,WH-BOM-01,ITM-SSD-01,0,1,72,0,none,simulated,system_sim
4710,2026-07-27,WH-BOM-01,ITM-HDD-01,0,0,40,0,none,simulated,system_sim
4711,2026-07-27,WH-BOM-01,ITM-CHG-01,0,2,76,0,none,simulated,system_sim
4712,2026-07-27,WH-BOM-01,ITM-CBL-01,0,5,217,0,none,simulated,system_sim
4713,2026-07-27,WH-DEL-01,ITM-CPU-01,0,1,29,0,none,simulated,system_sim
4714,2026-07-27,WH-DEL-01,ITM-GPU-01,0,0,18,0,none,simulated,system_sim
4715,2026-07-27,WH-DEL-01,ITM-RAM-01,0,4,81,0,none,simulated,system_sim
4716,2026-07-27,WH-DEL-01,ITM-SSD-01,0,0,74,0,none,simulated,system_sim
4717,2026-07-27,WH-DEL-01,ITM-HDD-01,0,1,41,0,none,simulated,system_sim
4718,2026-07-27,WH-DEL-01,ITM-CHG-01,150,3,214,0,none,simulated,system_sim
4719,2026-07-27,WH-DEL-01,ITM-CBL-01,0,1,225,0,none,simulated,system_sim
4720,2026-07-27,WH-CCU-01,ITM-CPU-01,0,3,30,0,none,simulated,system_sim
4721,2026-07-27,WH-CCU-01,ITM-GPU-01,0,0,16,0,none,simulated,system_sim
4722,2026-07-27,WH-CCU-01,ITM-RAM-01,0,1,71,0,none,simulated,system_sim
4723,2026-07-27,WH-CCU-01,ITM-SSD-01,0,1,69,0,none,simulated,system_sim
4724,2026-07-27,WH-CCU-01,ITM-HDD-01,0,0,40,0,none,simulated,system_sim
4725,2026-07-27,WH-CCU-01,ITM-CHG-01,0,9,75,0,none,simulated,system_sim
4726,2026-07-27,WH-CCU-01,ITM-CBL-01,0,10,221,0,none,simulated,system_sim
4727,2026-07-28,WH-BLR-01,ITM-CPU-01,0,1,30,0,none,simulated,system_sim
4728,2026-07-28,WH-BLR-01,ITM-GPU-01,0,0,19,0,none,simulated,system_sim
4729,2026-07-28,WH-BLR-01,ITM-RAM-01,0,10,43,0,none,simulated,system_sim
4730,2026-07-28,WH-BLR-01,ITM-SSD-01,0,0,69,0,none,simulated,system_sim
4731,2026-07-28,WH-BLR-01,ITM-HDD-01,0,1,45,0,none,simulated,system_sim
4732,2026-07-28,WH-BLR-01,ITM-CHG-01,0,6,70,0,none,simulated,system_sim
4733,2026-07-28,WH-BLR-01,ITM-CBL-01,0,2,219,0,none,simulated,system_sim
4734,2026-07-28,WH-CHN-01,ITM-CPU-01,0,1,60,0,none,simulated,system_sim
4735,2026-07-28,WH-CHN-01,ITM-GPU-01,0,0,20,0,none,simulated,system_sim
4736,2026-07-28,WH-CHN-01,ITM-RAM-01,0,5,70,0,none,simulated,system_sim
4737,2026-07-28,WH-CHN-01,ITM-SSD-01,0,0,75,0,none,simulated,system_sim
4738,2026-07-28,WH-CHN-01,ITM-HDD-01,0,2,42,0,none,simulated,system_sim
4739,2026-07-28,WH-CHN-01,ITM-CHG-01,150,8,215,0,none,simulated,system_sim
4740,2026-07-28,WH-CHN-01,ITM-CBL-01,0,1,221,0,none,simulated,system_sim
4741,2026-07-28,WH-BOM-01,ITM-CPU-01,45,2,65,0,none,simulated,system_sim
4742,2026-07-28,WH-BOM-01,ITM-GPU-01,0,0,26,0,none,simulated,system_sim
4743,2026-07-28,WH-BOM-01,ITM-RAM-01,0,9,66,0,none,simulated,system_sim
4744,2026-07-28,WH-BOM-01,ITM-SSD-01,0,2,70,0,none,simulated,system_sim
4745,2026-07-28,WH-BOM-01,ITM-HDD-01,0,0,40,0,none,simulated,system_sim
4746,2026-07-28,WH-BOM-01,ITM-CHG-01,0,9,67,0,none,simulated,system_sim
4747,2026-07-28,WH-BOM-01,ITM-CBL-01,0,5,212,0,none,simulated,system_sim
4748,2026-07-28,WH-DEL-01,ITM-CPU-01,0,0,29,0,none,simulated,system_sim
4749,2026-07-28,WH-DEL-01,ITM-GPU-01,0,2,16,0,none,simulated,system_sim
4750,2026-07-28,WH-DEL-01,ITM-RAM-01,0,9,72,0,none,simulated,system_sim
4751,2026-07-28,WH-DEL-01,ITM-SSD-01,0,0,74,0,none,simulated,system_sim
4752,2026-07-28,WH-DEL-01,ITM-HDD-01,0,0,41,0,none,simulated,system_sim
4753,2026-07-28,WH-DEL-01,ITM-CHG-01,0,5,209,0,none,simulated,system_sim
4754,2026-07-28,WH-DEL-01,ITM-CBL-01,0,9,216,0,none,simulated,system_sim
4755,2026-07-28,WH-CCU-01,ITM-CPU-01,0,0,30,0,none,simulated,system_sim
4756,2026-07-28,WH-CCU-01,ITM-GPU-01,0,0,16,0,none,simulated,system_sim
4757,2026-07-28,WH-CCU-01,ITM-RAM-01,0,6,65,0,none,simulated,system_sim
4758,2026-07-28,WH-CCU-01,ITM-SSD-01,0,0,69,0,none,simulated,system_sim
4759,2026-07-28,WH-CCU-01,ITM-HDD-01,0,2,38,0,none,simulated,system_sim
4760,2026-07-28,WH-CCU-01,ITM-CHG-01,0,8,67,0,none,simulated,system_sim
4761,2026-07-28,WH-CCU-01,ITM-CBL-01,0,8,213,0,none,simulated,system_sim
4762,2026-07-29,WH-BLR-01,ITM-CPU-01,0,3,27,0,none,simulated,system_sim
4763,2026-07-29,WH-BLR-01,ITM-GPU-01,0,1,18,0,none,simulated,system_sim
4764,2026-07-29,WH-BLR-01,ITM-RAM-01,0,3,40,0,none,simulated,system_sim
4765,2026-07-29,WH-BLR-01,ITM-SSD-01,0,0,69,0,none,simulated,system_sim
4766,2026-07-29,WH-BLR-01,ITM-HDD-01,0,2,43,0,none,simulated,system_sim
4767,2026-07-29,WH-BLR-01,ITM-CHG-01,150,1,219,0,none,simulated,system_sim
4768,2026-07-29,WH-BLR-01,ITM-CBL-01,0,5,214,0,none,simulated,system_sim
4769,2026-07-29,WH-CHN-01,ITM-CPU-01,0,1,59,0,none,simulated,system_sim
4770,2026-07-29,WH-CHN-01,ITM-GPU-01,0,1,19,0,none,simulated,system_sim
4771,2026-07-29,WH-CHN-01,ITM-RAM-01,0,5,65,0,none,simulated,system_sim
4772,2026-07-29,WH-CHN-01,ITM-SSD-01,0,0,75,0,none,simulated,system_sim
4773,2026-07-29,WH-CHN-01,ITM-HDD-01,0,1,41,0,none,simulated,system_sim
4774,2026-07-29,WH-CHN-01,ITM-CHG-01,0,1,214,0,none,simulated,system_sim
4775,2026-07-29,WH-CHN-01,ITM-CBL-01,0,4,217,0,none,simulated,system_sim
4776,2026-07-29,WH-BOM-01,ITM-CPU-01,0,1,64,0,none,simulated,system_sim
4777,2026-07-29,WH-BOM-01,ITM-GPU-01,0,2,24,0,none,simulated,system_sim
4778,2026-07-29,WH-BOM-01,ITM-RAM-01,0,3,63,0,none,simulated,system_sim
4779,2026-07-29,WH-BOM-01,ITM-SSD-01,0,2,68,0,none,simulated,system_sim
4780,2026-07-29,WH-BOM-01,ITM-HDD-01,0,0,40,0,none,simulated,system_sim
4781,2026-07-29,WH-BOM-01,ITM-CHG-01,150,5,212,0,none,simulated,system_sim
4782,2026-07-29,WH-BOM-01,ITM-CBL-01,0,4,208,0,none,simulated,system_sim
4783,2026-07-29,WH-DEL-01,ITM-CPU-01,0,1,28,0,none,simulated,system_sim
4784,2026-07-29,WH-DEL-01,ITM-GPU-01,0,0,16,0,none,simulated,system_sim
4785,2026-07-29,WH-DEL-01,ITM-RAM-01,0,7,65,0,none,simulated,system_sim
4786,2026-07-29,WH-DEL-01,ITM-SSD-01,0,0,74,0,none,simulated,system_sim
4787,2026-07-29,WH-DEL-01,ITM-HDD-01,0,1,40,0,none,simulated,system_sim
4788,2026-07-29,WH-DEL-01,ITM-CHG-01,0,1,208,0,none,simulated,system_sim
4789,2026-07-29,WH-DEL-01,ITM-CBL-01,0,7,209,0,none,simulated,system_sim
4790,2026-07-29,WH-CCU-01,ITM-CPU-01,0,2,28,0,none,simulated,system_sim
4791,2026-07-29,WH-CCU-01,ITM-GPU-01,0,2,14,0,none,simulated,system_sim
4792,2026-07-29,WH-CCU-01,ITM-RAM-01,0,6,59,0,none,simulated,system_sim
4793,2026-07-29,WH-CCU-01,ITM-SSD-01,0,0,69,0,none,simulated,system_sim
4794,2026-07-29,WH-CCU-01,ITM-HDD-01,0,0,38,0,none,simulated,system_sim
4795,2026-07-29,WH-CCU-01,ITM-CHG-01,150,10,207,0,none,simulated,system_sim
4796,2026-07-29,WH-CCU-01,ITM-CBL-01,0,3,210,0,none,simulated,system_sim
4797,2026-07-30,WH-BLR-01,ITM-CPU-01,0,3,24,0,none,simulated,system_sim
4798,2026-07-30,WH-BLR-01,ITM-GPU-01,0,0,18,0,none,simulated,system_sim
4799,2026-07-30,WH-BLR-01,ITM-RAM-01,0,8,32,0,none,simulated,system_sim
4800,2026-07-30,WH-BLR-01,ITM-SSD-01,0,3,66,0,none,simulated,system_sim
4801,2026-07-30,WH-BLR-01,ITM-HDD-01,0,1,42,0,none,simulated,system_sim
4802,2026-07-30,WH-BLR-01,ITM-CHG-01,0,4,215,0,none,simulated,system_sim
4803,2026-07-30,WH-BLR-01,ITM-CBL-01,0,5,209,0,none,simulated,system_sim
4804,2026-07-30,WH-CHN-01,ITM-CPU-01,0,0,59,0,none,simulated,system_sim
4805,2026-07-30,WH-CHN-01,ITM-GPU-01,0,2,17,0,none,simulated,system_sim
4806,2026-07-30,WH-CHN-01,ITM-RAM-01,0,8,57,0,none,simulated,system_sim
4807,2026-07-30,WH-CHN-01,ITM-SSD-01,0,3,72,0,none,simulated,system_sim
4808,2026-07-30,WH-CHN-01,ITM-HDD-01,0,0,41,0,none,simulated,system_sim
4809,2026-07-30,WH-CHN-01,ITM-CHG-01,0,7,207,0,none,simulated,system_sim
4810,2026-07-30,WH-CHN-01,ITM-CBL-01,0,3,214,0,none,simulated,system_sim
4811,2026-07-30,WH-BOM-01,ITM-CPU-01,0,2,62,0,none,simulated,system_sim
4812,2026-07-30,WH-BOM-01,ITM-GPU-01,0,1,23,0,none,simulated,system_sim
4813,2026-07-30,WH-BOM-01,ITM-RAM-01,0,5,58,0,none,simulated,system_sim
4814,2026-07-30,WH-BOM-01,ITM-SSD-01,0,0,68,0,none,simulated,system_sim
4815,2026-07-30,WH-BOM-01,ITM-HDD-01,0,1,39,0,none,simulated,system_sim
4816,2026-07-30,WH-BOM-01,ITM-CHG-01,0,5,207,0,none,simulated,system_sim
4817,2026-07-30,WH-BOM-01,ITM-CBL-01,0,7,201,0,none,simulated,system_sim
4818,2026-07-30,WH-DEL-01,ITM-CPU-01,0,2,26,0,none,simulated,system_sim
4819,2026-07-30,WH-DEL-01,ITM-GPU-01,0,1,15,0,none,simulated,system_sim
4820,2026-07-30,WH-DEL-01,ITM-RAM-01,0,2,63,0,none,simulated,system_sim
4821,2026-07-30,WH-DEL-01,ITM-SSD-01,0,0,74,0,none,simulated,system_sim
4822,2026-07-30,WH-DEL-01,ITM-HDD-01,0,0,40,0,none,simulated,system_sim
4823,2026-07-30,WH-DEL-01,ITM-CHG-01,0,7,201,0,none,simulated,system_sim
4824,2026-07-30,WH-DEL-01,ITM-CBL-01,0,9,200,0,none,simulated,system_sim
4825,2026-07-30,WH-CCU-01,ITM-CPU-01,0,3,25,0,none,simulated,system_sim
4826,2026-07-30,WH-CCU-01,ITM-GPU-01,30,1,43,0,none,simulated,system_sim
4827,2026-07-30,WH-CCU-01,ITM-RAM-01,0,3,56,0,none,simulated,system_sim
4828,2026-07-30,WH-CCU-01,ITM-SSD-01,0,3,66,0,none,simulated,system_sim
4829,2026-07-30,WH-CCU-01,ITM-HDD-01,0,0,38,0,none,simulated,system_sim
4830,2026-07-30,WH-CCU-01,ITM-CHG-01,0,5,202,0,none,simulated,system_sim
4831,2026-07-30,WH-CCU-01,ITM-CBL-01,0,6,204,0,none,simulated,system_sim
4832,2026-07-31,WH-BLR-01,ITM-CPU-01,0,1,23,0,none,simulated,system_sim
4833,2026-07-31,WH-BLR-01,ITM-GPU-01,0,0,18,0,none,simulated,system_sim
4834,2026-07-31,WH-BLR-01,ITM-RAM-01,75,3,104,0,none,simulated,system_sim
4835,2026-07-31,WH-BLR-01,ITM-SSD-01,0,0,66,0,none,simulated,system_sim
4836,2026-07-31,WH-BLR-01,ITM-HDD-01,0,0,42,0,none,simulated,system_sim
4837,2026-07-31,WH-BLR-01,ITM-CHG-01,0,2,213,0,none,simulated,system_sim
4838,2026-07-31,WH-BLR-01,ITM-CBL-01,0,5,204,0,none,simulated,system_sim
4839,2026-07-31,WH-CHN-01,ITM-CPU-01,0,2,57,0,none,simulated,system_sim
4840,2026-07-31,WH-CHN-01,ITM-GPU-01,0,0,17,0,none,simulated,system_sim
4841,2026-07-31,WH-CHN-01,ITM-RAM-01,0,1,56,0,none,simulated,system_sim
4842,2026-07-31,WH-CHN-01,ITM-SSD-01,0,3,69,0,none,simulated,system_sim
4843,2026-07-31,WH-CHN-01,ITM-HDD-01,0,1,40,0,none,simulated,system_sim
4844,2026-07-31,WH-CHN-01,ITM-CHG-01,0,4,203,0,none,simulated,system_sim
4845,2026-07-31,WH-CHN-01,ITM-CBL-01,0,5,209,0,none,simulated,system_sim
4846,2026-07-31,WH-BOM-01,ITM-CPU-01,0,2,60,0,none,simulated,system_sim
4847,2026-07-31,WH-BOM-01,ITM-GPU-01,0,0,23,0,none,simulated,system_sim
4848,2026-07-31,WH-BOM-01,ITM-RAM-01,0,2,56,0,none,simulated,system_sim
4849,2026-07-31,WH-BOM-01,ITM-SSD-01,0,3,65,0,none,simulated,system_sim
4850,2026-07-31,WH-BOM-01,ITM-HDD-01,0,3,36,0,none,simulated,system_sim
4851,2026-07-31,WH-BOM-01,ITM-CHG-01,0,4,203,0,none,simulated,system_sim
4852,2026-07-31,WH-BOM-01,ITM-CBL-01,0,1,200,0,none,simulated,system_sim
4853,2026-07-31,WH-DEL-01,ITM-CPU-01,0,1,25,0,none,simulated,system_sim
4854,2026-07-31,WH-DEL-01,ITM-GPU-01,0,0,15,0,none,simulated,system_sim
4855,2026-07-31,WH-DEL-01,ITM-RAM-01,0,2,61,0,none,simulated,system_sim
4856,2026-07-31,WH-DEL-01,ITM-SSD-01,0,0,74,0,none,simulated,system_sim
4857,2026-07-31,WH-DEL-01,ITM-HDD-01,0,2,38,0,none,simulated,system_sim
4858,2026-07-31,WH-DEL-01,ITM-CHG-01,0,8,193,0,none,simulated,system_sim
4859,2026-07-31,WH-DEL-01,ITM-CBL-01,0,4,196,0,none,simulated,system_sim
4860,2026-07-31,WH-CCU-01,ITM-CPU-01,0,0,25,0,none,simulated,system_sim
4861,2026-07-31,WH-CCU-01,ITM-GPU-01,0,0,43,0,none,simulated,system_sim
4862,2026-07-31,WH-CCU-01,ITM-RAM-01,0,3,53,0,none,simulated,system_sim
4863,2026-07-31,WH-CCU-01,ITM-SSD-01,0,3,63,0,none,simulated,system_sim
4864,2026-07-31,WH-CCU-01,ITM-HDD-01,0,2,36,0,none,simulated,system_sim
4865,2026-07-31,WH-CCU-01,ITM-CHG-01,0,1,201,0,none,simulated,system_sim
4866,2026-07-31,WH-CCU-01,ITM-CBL-01,0,7,197,0,none,simulated,system_sim
4867,2026-08-01,WH-BLR-01,ITM-CPU-01,0,1,22,0,none,simulated,system_sim
4868,2026-08-01,WH-BLR-01,ITM-GPU-01,0,0,18,0,none,simulated,system_sim
4869,2026-08-01,WH-BLR-01,ITM-RAM-01,0,6,98,0,none,simulated,system_sim
4870,2026-08-01,WH-BLR-01,ITM-SSD-01,0,3,63,0,none,simulated,system_sim
4871,2026-08-01,WH-BLR-01,ITM-HDD-01,0,0,42,0,none,simulated,system_sim
4872,2026-08-01,WH-BLR-01,ITM-CHG-01,0,4,209,0,none,simulated,system_sim
4873,2026-08-01,WH-BLR-01,ITM-CBL-01,0,7,197,0,none,simulated,system_sim
4874,2026-08-01,WH-CHN-01,ITM-CPU-01,0,1,56,0,none,simulated,system_sim
4875,2026-08-01,WH-CHN-01,ITM-GPU-01,0,2,15,0,none,simulated,system_sim
4876,2026-08-01,WH-CHN-01,ITM-RAM-01,0,6,50,0,none,simulated,system_sim
4877,2026-08-01,WH-CHN-01,ITM-SSD-01,0,0,69,0,none,simulated,system_sim
4878,2026-08-01,WH-CHN-01,ITM-HDD-01,0,0,40,0,none,simulated,system_sim
4879,2026-08-01,WH-CHN-01,ITM-CHG-01,0,9,194,0,none,simulated,system_sim
4880,2026-08-01,WH-CHN-01,ITM-CBL-01,0,2,207,0,none,simulated,system_sim
4881,2026-08-01,WH-BOM-01,ITM-CPU-01,0,2,58,0,none,simulated,system_sim
4882,2026-08-01,WH-BOM-01,ITM-GPU-01,0,0,23,0,none,simulated,system_sim
4883,2026-08-01,WH-BOM-01,ITM-RAM-01,0,9,47,0,none,simulated,system_sim
4884,2026-08-01,WH-BOM-01,ITM-SSD-01,0,0,65,0,none,simulated,system_sim
4885,2026-08-01,WH-BOM-01,ITM-HDD-01,0,0,36,0,none,simulated,system_sim
4886,2026-08-01,WH-BOM-01,ITM-CHG-01,0,10,193,0,none,simulated,system_sim
4887,2026-08-01,WH-BOM-01,ITM-CBL-01,0,2,198,0,none,simulated,system_sim
4888,2026-08-01,WH-DEL-01,ITM-CPU-01,0,0,25,0,none,simulated,system_sim
4889,2026-08-01,WH-DEL-01,ITM-GPU-01,0,0,15,0,none,simulated,system_sim
4890,2026-08-01,WH-DEL-01,ITM-RAM-01,0,9,52,0,none,simulated,system_sim
4891,2026-08-01,WH-DEL-01,ITM-SSD-01,0,3,71,0,none,simulated,system_sim
4892,2026-08-01,WH-DEL-01,ITM-HDD-01,0,3,35,0,none,simulated,system_sim
4893,2026-08-01,WH-DEL-01,ITM-CHG-01,0,1,192,0,none,simulated,system_sim
4894,2026-08-01,WH-DEL-01,ITM-CBL-01,0,7,189,0,none,simulated,system_sim
4895,2026-08-01,WH-CCU-01,ITM-CPU-01,0,0,25,0,none,simulated,system_sim
4896,2026-08-01,WH-CCU-01,ITM-GPU-01,0,2,41,0,none,simulated,system_sim
4897,2026-08-01,WH-CCU-01,ITM-RAM-01,0,4,49,0,none,simulated,system_sim
4898,2026-08-01,WH-CCU-01,ITM-SSD-01,0,3,60,0,none,simulated,system_sim
4899,2026-08-01,WH-CCU-01,ITM-HDD-01,0,0,36,0,none,simulated,system_sim
4900,2026-08-01,WH-CCU-01,ITM-CHG-01,0,7,194,0,none,simulated,system_sim
4901,2026-08-01,WH-CCU-01,ITM-CBL-01,0,2,195,0,none,simulated,system_sim
4902,2026-08-02,WH-BLR-01,ITM-CPU-01,45,0,67,0,none,simulated,system_sim
4903,2026-08-02,WH-BLR-01,ITM-GPU-01,0,1,17,0,none,simulated,system_sim
4904,2026-08-02,WH-BLR-01,ITM-RAM-01,0,9,89,0,none,simulated,system_sim
4905,2026-08-02,WH-BLR-01,ITM-SSD-01,0,3,60,0,none,simulated,system_sim
4906,2026-08-02,WH-BLR-01,ITM-HDD-01,0,0,42,0,none,simulated,system_sim
4907,2026-08-02,WH-BLR-01,ITM-CHG-01,0,1,208,0,none,simulated,system_sim
4908,2026-08-02,WH-BLR-01,ITM-CBL-01,0,2,195,0,none,simulated,system_sim
4909,2026-08-02,WH-CHN-01,ITM-CPU-01,0,0,56,0,none,simulated,system_sim
4910,2026-08-02,WH-CHN-01,ITM-GPU-01,0,1,14,0,none,simulated,system_sim
4911,2026-08-02,WH-CHN-01,ITM-RAM-01,0,3,47,0,none,simulated,system_sim
4912,2026-08-02,WH-CHN-01,ITM-SSD-01,0,1,68,0,none,simulated,system_sim
4913,2026-08-02,WH-CHN-01,ITM-HDD-01,0,1,39,0,none,simulated,system_sim
4914,2026-08-02,WH-CHN-01,ITM-CHG-01,0,4,190,0,none,simulated,system_sim
4915,2026-08-02,WH-CHN-01,ITM-CBL-01,0,5,202,0,none,simulated,system_sim
4916,2026-08-02,WH-BOM-01,ITM-CPU-01,0,0,58,0,none,simulated,system_sim
4917,2026-08-02,WH-BOM-01,ITM-GPU-01,0,0,23,0,none,simulated,system_sim
4918,2026-08-02,WH-BOM-01,ITM-RAM-01,0,1,46,0,none,simulated,system_sim
4919,2026-08-02,WH-BOM-01,ITM-SSD-01,0,0,65,0,none,simulated,system_sim
4920,2026-08-02,WH-BOM-01,ITM-HDD-01,0,0,36,0,none,simulated,system_sim
4921,2026-08-02,WH-BOM-01,ITM-CHG-01,0,4,189,0,none,simulated,system_sim
4922,2026-08-02,WH-BOM-01,ITM-CBL-01,0,8,190,0,none,simulated,system_sim
4923,2026-08-02,WH-DEL-01,ITM-CPU-01,0,3,22,0,none,simulated,system_sim
4924,2026-08-02,WH-DEL-01,ITM-GPU-01,0,0,15,0,none,simulated,system_sim
4925,2026-08-02,WH-DEL-01,ITM-RAM-01,0,6,46,0,none,simulated,system_sim
4926,2026-08-02,WH-DEL-01,ITM-SSD-01,0,2,69,0,none,simulated,system_sim
4927,2026-08-02,WH-DEL-01,ITM-HDD-01,0,3,32,0,none,simulated,system_sim
4928,2026-08-02,WH-DEL-01,ITM-CHG-01,0,6,186,0,none,simulated,system_sim
4929,2026-08-02,WH-DEL-01,ITM-CBL-01,0,9,180,0,none,simulated,system_sim
4930,2026-08-02,WH-CCU-01,ITM-CPU-01,0,1,24,0,none,simulated,system_sim
4931,2026-08-02,WH-CCU-01,ITM-GPU-01,0,2,39,0,none,simulated,system_sim
4932,2026-08-02,WH-CCU-01,ITM-RAM-01,0,10,39,0,none,simulated,system_sim
4933,2026-08-02,WH-CCU-01,ITM-SSD-01,0,2,58,0,none,simulated,system_sim
4934,2026-08-02,WH-CCU-01,ITM-HDD-01,0,3,33,0,none,simulated,system_sim
4935,2026-08-02,WH-CCU-01,ITM-CHG-01,0,3,191,0,none,simulated,system_sim
4936,2026-08-02,WH-CCU-01,ITM-CBL-01,0,4,191,0,none,simulated,system_sim
4937,2026-08-03,WH-BLR-01,ITM-CPU-01,0,0,67,0,none,simulated,system_sim
4938,2026-08-03,WH-BLR-01,ITM-GPU-01,0,0,17,0,none,simulated,system_sim
4939,2026-08-03,WH-BLR-01,ITM-RAM-01,0,10,79,0,none,simulated,system_sim
4940,2026-08-03,WH-BLR-01,ITM-SSD-01,0,0,60,0,none,simulated,system_sim
4941,2026-08-03,WH-BLR-01,ITM-HDD-01,0,1,41,0,none,simulated,system_sim
4942,2026-08-03,WH-BLR-01,ITM-CHG-01,0,4,204,0,none,simulated,system_sim
4943,2026-08-03,WH-BLR-01,ITM-CBL-01,0,10,185,0,none,simulated,system_sim
4944,2026-08-03,WH-CHN-01,ITM-CPU-01,0,3,53,0,none,simulated,system_sim
4945,2026-08-03,WH-CHN-01,ITM-GPU-01,30,0,44,0,none,simulated,system_sim
4946,2026-08-03,WH-CHN-01,ITM-RAM-01,0,5,42,0,none,simulated,system_sim
4947,2026-08-03,WH-CHN-01,ITM-SSD-01,0,1,67,0,none,simulated,system_sim
4948,2026-08-03,WH-CHN-01,ITM-HDD-01,0,3,36,0,none,simulated,system_sim
4949,2026-08-03,WH-CHN-01,ITM-CHG-01,0,7,183,0,none,simulated,system_sim
4950,2026-08-03,WH-CHN-01,ITM-CBL-01,0,9,193,0,none,simulated,system_sim
4951,2026-08-03,WH-BOM-01,ITM-CPU-01,0,1,57,0,none,simulated,system_sim
4952,2026-08-03,WH-BOM-01,ITM-GPU-01,0,0,23,0,none,simulated,system_sim
4953,2026-08-03,WH-BOM-01,ITM-RAM-01,0,9,37,0,none,simulated,system_sim
4954,2026-08-03,WH-BOM-01,ITM-SSD-01,0,0,65,0,none,simulated,system_sim
4955,2026-08-03,WH-BOM-01,ITM-HDD-01,0,3,33,0,none,simulated,system_sim
4956,2026-08-03,WH-BOM-01,ITM-CHG-01,0,2,187,0,none,simulated,system_sim
4957,2026-08-03,WH-BOM-01,ITM-CBL-01,0,1,189,0,none,simulated,system_sim
4958,2026-08-03,WH-DEL-01,ITM-CPU-01,45,0,67,0,none,simulated,system_sim
4959,2026-08-03,WH-DEL-01,ITM-GPU-01,0,0,15,0,none,simulated,system_sim
4960,2026-08-03,WH-DEL-01,ITM-RAM-01,0,1,45,0,none,simulated,system_sim
4961,2026-08-03,WH-DEL-01,ITM-SSD-01,0,0,69,0,none,simulated,system_sim
4962,2026-08-03,WH-DEL-01,ITM-HDD-01,0,3,29,0,none,simulated,system_sim
4963,2026-08-03,WH-DEL-01,ITM-CHG-01,0,4,182,0,none,simulated,system_sim
4964,2026-08-03,WH-DEL-01,ITM-CBL-01,0,9,171,0,none,simulated,system_sim
4965,2026-08-03,WH-CCU-01,ITM-CPU-01,0,3,21,0,none,simulated,system_sim
4966,2026-08-03,WH-CCU-01,ITM-GPU-01,0,0,39,0,none,simulated,system_sim
4967,2026-08-03,WH-CCU-01,ITM-RAM-01,0,2,37,0,none,simulated,system_sim
4968,2026-08-03,WH-CCU-01,ITM-SSD-01,0,3,55,0,none,simulated,system_sim
4969,2026-08-03,WH-CCU-01,ITM-HDD-01,0,1,32,0,none,simulated,system_sim
4970,2026-08-03,WH-CCU-01,ITM-CHG-01,0,1,190,0,none,simulated,system_sim
4971,2026-08-03,WH-CCU-01,ITM-CBL-01,0,8,183,0,none,simulated,system_sim
4972,2026-08-04,WH-BLR-01,ITM-CPU-01,0,3,64,0,none,simulated,system_sim
4973,2026-08-04,WH-BLR-01,ITM-GPU-01,0,0,17,0,none,simulated,system_sim
4974,2026-08-04,WH-BLR-01,ITM-RAM-01,0,5,74,0,none,simulated,system_sim
4975,2026-08-04,WH-BLR-01,ITM-SSD-01,0,2,58,0,none,simulated,system_sim
4976,2026-08-04,WH-BLR-01,ITM-HDD-01,0,1,40,0,none,simulated,system_sim
4977,2026-08-04,WH-BLR-01,ITM-CHG-01,0,1,203,0,none,simulated,system_sim
4978,2026-08-04,WH-BLR-01,ITM-CBL-01,0,5,180,0,none,simulated,system_sim
4979,2026-08-04,WH-CHN-01,ITM-CPU-01,0,0,53,0,none,simulated,system_sim
4980,2026-08-04,WH-CHN-01,ITM-GPU-01,0,0,44,0,none,simulated,system_sim
4981,2026-08-04,WH-CHN-01,ITM-RAM-01,0,6,36,0,none,simulated,system_sim
4982,2026-08-04,WH-CHN-01,ITM-SSD-01,0,0,67,0,none,simulated,system_sim
4983,2026-08-04,WH-CHN-01,ITM-HDD-01,0,0,36,0,none,simulated,system_sim
4984,2026-08-04,WH-CHN-01,ITM-CHG-01,0,2,181,0,none,simulated,system_sim
4985,2026-08-04,WH-CHN-01,ITM-CBL-01,0,6,187,0,none,simulated,system_sim
4986,2026-08-04,WH-BOM-01,ITM-CPU-01,0,0,57,0,none,simulated,system_sim
4987,2026-08-04,WH-BOM-01,ITM-GPU-01,0,1,22,0,none,simulated,system_sim
4988,2026-08-04,WH-BOM-01,ITM-RAM-01,75,8,104,0,none,simulated,system_sim
4989,2026-08-04,WH-BOM-01,ITM-SSD-01,0,0,65,0,none,simulated,system_sim
4990,2026-08-04,WH-BOM-01,ITM-HDD-01,0,1,32,0,none,simulated,system_sim
4991,2026-08-04,WH-BOM-01,ITM-CHG-01,0,6,181,0,none,simulated,system_sim
4992,2026-08-04,WH-BOM-01,ITM-CBL-01,0,7,182,0,none,simulated,system_sim
4993,2026-08-04,WH-DEL-01,ITM-CPU-01,0,0,67,0,none,simulated,system_sim
4994,2026-08-04,WH-DEL-01,ITM-GPU-01,0,0,15,0,none,simulated,system_sim
4995,2026-08-04,WH-DEL-01,ITM-RAM-01,0,9,36,0,none,simulated,system_sim
4996,2026-08-04,WH-DEL-01,ITM-SSD-01,0,0,69,0,none,simulated,system_sim
4997,2026-08-04,WH-DEL-01,ITM-HDD-01,60,0,89,0,none,simulated,system_sim
4998,2026-08-04,WH-DEL-01,ITM-CHG-01,0,1,181,0,none,simulated,system_sim
4999,2026-08-04,WH-DEL-01,ITM-CBL-01,0,7,164,0,none,simulated,system_sim
5000,2026-08-04,WH-CCU-01,ITM-CPU-01,45,0,66,0,none,simulated,system_sim
5001,2026-08-04,WH-CCU-01,ITM-GPU-01,0,1,38,0,none,simulated,system_sim
5002,2026-08-04,WH-CCU-01,ITM-RAM-01,75,1,111,0,none,simulated,system_sim
5003,2026-08-04,WH-CCU-01,ITM-SSD-01,0,0,55,0,none,simulated,system_sim
5004,2026-08-04,WH-CCU-01,ITM-HDD-01,0,3,29,0,none,simulated,system_sim
5005,2026-08-04,WH-CCU-01,ITM-CHG-01,0,1,189,0,none,simulated,system_sim
5006,2026-08-04,WH-CCU-01,ITM-CBL-01,0,5,178,0,none,simulated,system_sim
5007,2026-08-05,WH-BLR-01,ITM-CPU-01,0,0,64,0,none,simulated,system_sim
5008,2026-08-05,WH-BLR-01,ITM-GPU-01,0,0,7,1,shrinkage,simulated,system_sim
5009,2026-08-05,WH-BLR-01,ITM-RAM-01,0,6,68,0,none,simulated,system_sim
5010,2026-08-05,WH-BLR-01,ITM-SSD-01,0,0,58,0,none,simulated,system_sim
5011,2026-08-05,WH-BLR-01,ITM-HDD-01,0,1,39,0,none,simulated,system_sim
5012,2026-08-05,WH-BLR-01,ITM-CHG-01,0,2,201,0,none,simulated,system_sim
5013,2026-08-05,WH-BLR-01,ITM-CBL-01,0,7,173,0,none,simulated,system_sim
5014,2026-08-05,WH-CHN-01,ITM-CPU-01,0,1,52,0,none,simulated,system_sim
5015,2026-08-05,WH-CHN-01,ITM-GPU-01,0,1,43,0,none,simulated,system_sim
5016,2026-08-05,WH-CHN-01,ITM-RAM-01,75,10,101,0,none,simulated,system_sim
5017,2026-08-05,WH-CHN-01,ITM-SSD-01,0,3,64,0,none,simulated,system_sim
5018,2026-08-05,WH-CHN-01,ITM-HDD-01,0,3,33,0,none,simulated,system_sim
5019,2026-08-05,WH-CHN-01,ITM-CHG-01,0,9,172,0,none,simulated,system_sim
5020,2026-08-05,WH-CHN-01,ITM-CBL-01,0,7,180,0,none,simulated,system_sim
5021,2026-08-05,WH-BOM-01,ITM-CPU-01,0,0,57,0,none,simulated,system_sim
5022,2026-08-05,WH-BOM-01,ITM-GPU-01,0,2,20,0,none,simulated,system_sim
5023,2026-08-05,WH-BOM-01,ITM-RAM-01,0,4,100,0,none,simulated,system_sim
5024,2026-08-05,WH-BOM-01,ITM-SSD-01,0,0,65,0,none,simulated,system_sim
5025,2026-08-05,WH-BOM-01,ITM-HDD-01,0,3,29,0,none,simulated,system_sim
5026,2026-08-05,WH-BOM-01,ITM-CHG-01,0,10,171,0,none,simulated,system_sim
5027,2026-08-05,WH-BOM-01,ITM-CBL-01,0,9,173,0,none,simulated,system_sim
5028,2026-08-05,WH-DEL-01,ITM-CPU-01,0,0,67,0,none,simulated,system_sim
5029,2026-08-05,WH-DEL-01,ITM-GPU-01,0,0,15,0,none,simulated,system_sim
5030,2026-08-05,WH-DEL-01,ITM-RAM-01,75,3,108,0,none,simulated,system_sim
5031,2026-08-05,WH-DEL-01,ITM-SSD-01,0,0,69,0,none,simulated,system_sim
5032,2026-08-05,WH-DEL-01,ITM-HDD-01,0,2,87,0,none,simulated,system_sim
5033,2026-08-05,WH-DEL-01,ITM-CHG-01,0,1,180,0,none,simulated,system_sim
5034,2026-08-05,WH-DEL-01,ITM-CBL-01,0,2,162,0,none,simulated,system_sim
5035,2026-08-05,WH-CCU-01,ITM-CPU-01,0,3,63,0,none,simulated,system_sim
5036,2026-08-05,WH-CCU-01,ITM-GPU-01,0,1,37,0,none,simulated,system_sim
5037,2026-08-05,WH-CCU-01,ITM-RAM-01,0,3,108,0,none,simulated,system_sim
5038,2026-08-05,WH-CCU-01,ITM-SSD-01,0,1,54,0,none,simulated,system_sim
5039,2026-08-05,WH-CCU-01,ITM-HDD-01,60,2,87,0,none,simulated,system_sim
5040,2026-08-05,WH-CCU-01,ITM-CHG-01,0,2,187,0,none,simulated,system_sim
5041,2026-08-05,WH-CCU-01,ITM-CBL-01,0,10,168,0,none,simulated,system_sim
5042,2026-08-06,WH-BLR-01,ITM-CPU-01,0,2,62,0,none,simulated,system_sim
5043,2026-08-06,WH-BLR-01,ITM-GPU-01,30,0,37,0,none,simulated,system_sim
5044,2026-08-06,WH-BLR-01,ITM-RAM-01,0,8,60,0,none,simulated,system_sim
5045,2026-08-06,WH-BLR-01,ITM-SSD-01,0,0,58,0,none,simulated,system_sim
5046,2026-08-06,WH-BLR-01,ITM-HDD-01,0,0,39,0,none,simulated,system_sim
5047,2026-08-06,WH-BLR-01,ITM-CHG-01,0,8,193,0,none,simulated,system_sim
5048,2026-08-06,WH-BLR-01,ITM-CBL-01,0,7,166,0,none,simulated,system_sim
5049,2026-08-06,WH-CHN-01,ITM-CPU-01,0,2,50,0,none,simulated,system_sim
5050,2026-08-06,WH-CHN-01,ITM-GPU-01,0,0,43,0,none,simulated,system_sim
5051,2026-08-06,WH-CHN-01,ITM-RAM-01,0,10,91,0,none,simulated,system_sim
5052,2026-08-06,WH-CHN-01,ITM-SSD-01,0,0,64,0,none,simulated,system_sim
5053,2026-08-06,WH-CHN-01,ITM-HDD-01,0,2,31,0,none,simulated,system_sim
5054,2026-08-06,WH-CHN-01,ITM-CHG-01,0,6,166,0,none,simulated,system_sim
5055,2026-08-06,WH-CHN-01,ITM-CBL-01,0,1,179,0,none,simulated,system_sim
5056,2026-08-06,WH-BOM-01,ITM-CPU-01,0,1,56,0,none,simulated,system_sim
5057,2026-08-06,WH-BOM-01,ITM-GPU-01,0,2,18,0,none,simulated,system_sim
5058,2026-08-06,WH-BOM-01,ITM-RAM-01,0,2,98,0,none,simulated,system_sim
5059,2026-08-06,WH-BOM-01,ITM-SSD-01,0,3,62,0,none,simulated,system_sim
5060,2026-08-06,WH-BOM-01,ITM-HDD-01,60,2,87,0,none,simulated,system_sim
5061,2026-08-06,WH-BOM-01,ITM-CHG-01,0,9,162,0,none,simulated,system_sim
5062,2026-08-06,WH-BOM-01,ITM-CBL-01,0,1,172,0,none,simulated,system_sim
5063,2026-08-06,WH-DEL-01,ITM-CPU-01,0,0,67,0,none,simulated,system_sim
5064,2026-08-06,WH-DEL-01,ITM-GPU-01,0,0,15,0,none,simulated,system_sim
5065,2026-08-06,WH-DEL-01,ITM-RAM-01,0,6,102,0,none,simulated,system_sim
5066,2026-08-06,WH-DEL-01,ITM-SSD-01,0,1,68,0,none,simulated,system_sim
5067,2026-08-06,WH-DEL-01,ITM-HDD-01,0,3,84,0,none,simulated,system_sim
5068,2026-08-06,WH-DEL-01,ITM-CHG-01,0,4,176,0,none,simulated,system_sim
5069,2026-08-06,WH-DEL-01,ITM-CBL-01,0,6,156,0,none,simulated,system_sim
5070,2026-08-06,WH-CCU-01,ITM-CPU-01,0,0,63,0,none,simulated,system_sim
5071,2026-08-06,WH-CCU-01,ITM-GPU-01,0,0,37,0,none,simulated,system_sim
5072,2026-08-06,WH-CCU-01,ITM-RAM-01,0,7,101,0,none,simulated,system_sim
5073,2026-08-06,WH-CCU-01,ITM-SSD-01,0,2,52,0,none,simulated,system_sim
5074,2026-08-06,WH-CCU-01,ITM-HDD-01,0,1,86,0,none,simulated,system_sim
5075,2026-08-06,WH-CCU-01,ITM-CHG-01,0,4,183,0,none,simulated,system_sim
5076,2026-08-06,WH-CCU-01,ITM-CBL-01,0,2,166,0,none,simulated,system_sim
5077,2026-08-07,WH-BLR-01,ITM-CPU-01,0,2,60,0,none,simulated,system_sim
5078,2026-08-07,WH-BLR-01,ITM-GPU-01,0,0,37,0,none,simulated,system_sim
5079,2026-08-07,WH-BLR-01,ITM-RAM-01,0,3,57,0,none,simulated,system_sim
5080,2026-08-07,WH-BLR-01,ITM-SSD-01,0,1,57,0,none,simulated,system_sim
5081,2026-08-07,WH-BLR-01,ITM-HDD-01,0,3,36,0,none,simulated,system_sim
5082,2026-08-07,WH-BLR-01,ITM-CHG-01,0,10,183,0,none,simulated,system_sim
5083,2026-08-07,WH-BLR-01,ITM-CBL-01,0,3,163,0,none,simulated,system_sim
5084,2026-08-07,WH-CHN-01,ITM-CPU-01,0,2,48,0,none,simulated,system_sim
5085,2026-08-07,WH-CHN-01,ITM-GPU-01,0,0,43,0,none,simulated,system_sim
5086,2026-08-07,WH-CHN-01,ITM-RAM-01,0,6,85,0,none,simulated,system_sim
5087,2026-08-07,WH-CHN-01,ITM-SSD-01,0,1,63,0,none,simulated,system_sim
5088,2026-08-07,WH-CHN-01,ITM-HDD-01,0,3,28,0,none,simulated,system_sim
5089,2026-08-07,WH-CHN-01,ITM-CHG-01,0,7,159,0,none,simulated,system_sim
5090,2026-08-07,WH-CHN-01,ITM-CBL-01,0,4,175,0,none,simulated,system_sim
5091,2026-08-07,WH-BOM-01,ITM-CPU-01,0,1,55,0,none,simulated,system_sim
5092,2026-08-07,WH-BOM-01,ITM-GPU-01,0,0,18,0,none,simulated,system_sim
5093,2026-08-07,WH-BOM-01,ITM-RAM-01,0,6,92,0,none,simulated,system_sim
5094,2026-08-07,WH-BOM-01,ITM-SSD-01,0,1,61,0,none,simulated,system_sim
5095,2026-08-07,WH-BOM-01,ITM-HDD-01,0,2,85,0,none,simulated,system_sim
5096,2026-08-07,WH-BOM-01,ITM-CHG-01,0,8,154,0,none,simulated,system_sim
5097,2026-08-07,WH-BOM-01,ITM-CBL-01,0,7,165,0,none,simulated,system_sim
5098,2026-08-07,WH-DEL-01,ITM-CPU-01,0,3,64,0,none,simulated,system_sim
5099,2026-08-07,WH-DEL-01,ITM-GPU-01,0,2,13,0,none,simulated,system_sim
5100,2026-08-07,WH-DEL-01,ITM-RAM-01,0,6,96,0,none,simulated,system_sim
5101,2026-08-07,WH-DEL-01,ITM-SSD-01,0,1,67,0,none,simulated,system_sim
5102,2026-08-07,WH-DEL-01,ITM-HDD-01,0,1,83,0,none,simulated,system_sim
5103,2026-08-07,WH-DEL-01,ITM-CHG-01,0,5,171,0,none,simulated,system_sim
5104,2026-08-07,WH-DEL-01,ITM-CBL-01,0,9,147,0,none,simulated,system_sim
5105,2026-08-07,WH-CCU-01,ITM-CPU-01,0,0,63,0,none,simulated,system_sim
5106,2026-08-07,WH-CCU-01,ITM-GPU-01,0,0,37,0,none,simulated,system_sim
5107,2026-08-07,WH-CCU-01,ITM-RAM-01,0,9,92,0,none,simulated,system_sim
5108,2026-08-07,WH-CCU-01,ITM-SSD-01,0,3,49,0,none,simulated,system_sim
5109,2026-08-07,WH-CCU-01,ITM-HDD-01,0,3,83,0,none,simulated,system_sim
5110,2026-08-07,WH-CCU-01,ITM-CHG-01,0,6,177,0,none,simulated,system_sim
5111,2026-08-07,WH-CCU-01,ITM-CBL-01,0,3,163,0,none,simulated,system_sim
5112,2026-08-08,WH-BLR-01,ITM-CPU-01,0,2,58,0,none,simulated,system_sim
5113,2026-08-08,WH-BLR-01,ITM-GPU-01,0,1,36,0,none,simulated,system_sim
5114,2026-08-08,WH-BLR-01,ITM-RAM-01,0,7,50,0,none,simulated,system_sim
5115,2026-08-08,WH-BLR-01,ITM-SSD-01,0,2,55,0,none,simulated,system_sim
5116,2026-08-08,WH-BLR-01,ITM-HDD-01,0,0,36,0,none,simulated,system_sim
5117,2026-08-08,WH-BLR-01,ITM-CHG-01,0,4,179,0,none,simulated,system_sim
5118,2026-08-08,WH-BLR-01,ITM-CBL-01,0,3,160,0,none,simulated,system_sim
5119,2026-08-08,WH-CHN-01,ITM-CPU-01,0,0,48,0,none,simulated,system_sim
5120,2026-08-08,WH-CHN-01,ITM-GPU-01,0,0,43,0,none,simulated,system_sim
5121,2026-08-08,WH-CHN-01,ITM-RAM-01,0,3,82,0,none,simulated,system_sim
5122,2026-08-08,WH-CHN-01,ITM-SSD-01,0,1,62,0,none,simulated,system_sim
5123,2026-08-08,WH-CHN-01,ITM-HDD-01,60,2,86,0,none,simulated,system_sim
5124,2026-08-08,WH-CHN-01,ITM-CHG-01,0,1,158,0,none,simulated,system_sim
5125,2026-08-08,WH-CHN-01,ITM-CBL-01,0,6,169,0,none,simulated,system_sim
5126,2026-08-08,WH-BOM-01,ITM-CPU-01,0,1,54,0,none,simulated,system_sim
5127,2026-08-08,WH-BOM-01,ITM-GPU-01,0,0,18,0,none,simulated,system_sim
5128,2026-08-08,WH-BOM-01,ITM-RAM-01,0,10,82,0,none,simulated,system_sim
5129,2026-08-08,WH-BOM-01,ITM-SSD-01,0,1,60,0,none,simulated,system_sim
5130,2026-08-08,WH-BOM-01,ITM-HDD-01,0,0,85,0,none,simulated,system_sim
5131,2026-08-08,WH-BOM-01,ITM-CHG-01,0,3,151,0,none,simulated,system_sim
5132,2026-08-08,WH-BOM-01,ITM-CBL-01,0,1,164,0,none,simulated,system_sim
5133,2026-08-08,WH-DEL-01,ITM-CPU-01,0,1,63,0,none,simulated,system_sim
5134,2026-08-08,WH-DEL-01,ITM-GPU-01,30,0,43,0,none,simulated,system_sim
5135,2026-08-08,WH-DEL-01,ITM-RAM-01,0,4,92,0,none,simulated,system_sim
5136,2026-08-08,WH-DEL-01,ITM-SSD-01,0,0,67,0,none,simulated,system_sim
5137,2026-08-08,WH-DEL-01,ITM-HDD-01,0,0,83,0,none,simulated,system_sim
5138,2026-08-08,WH-DEL-01,ITM-CHG-01,0,10,161,0,none,simulated,system_sim
5139,2026-08-08,WH-DEL-01,ITM-CBL-01,300,8,439,0,none,simulated,system_sim
5140,2026-08-08,WH-CCU-01,ITM-CPU-01,0,1,62,0,none,simulated,system_sim
5141,2026-08-08,WH-CCU-01,ITM-GPU-01,0,0,37,0,none,simulated,system_sim
5142,2026-08-08,WH-CCU-01,ITM-RAM-01,0,7,85,0,none,simulated,system_sim
5143,2026-08-08,WH-CCU-01,ITM-SSD-01,0,2,47,0,none,simulated,system_sim
5144,2026-08-08,WH-CCU-01,ITM-HDD-01,0,0,83,0,none,simulated,system_sim
5145,2026-08-08,WH-CCU-01,ITM-CHG-01,0,1,176,0,none,simulated,system_sim
5146,2026-08-08,WH-CCU-01,ITM-CBL-01,0,8,155,0,none,simulated,system_sim
5147,2026-08-09,WH-BLR-01,ITM-CPU-01,0,3,55,0,none,simulated,system_sim
5148,2026-08-09,WH-BLR-01,ITM-GPU-01,0,0,36,0,none,simulated,system_sim
5149,2026-08-09,WH-BLR-01,ITM-RAM-01,0,2,48,0,none,simulated,system_sim
5150,2026-08-09,WH-BLR-01,ITM-SSD-01,0,2,53,0,none,simulated,system_sim
5151,2026-08-09,WH-BLR-01,ITM-HDD-01,0,3,33,0,none,simulated,system_sim
5152,2026-08-09,WH-BLR-01,ITM-CHG-01,0,8,171,0,none,simulated,system_sim
5153,2026-08-09,WH-BLR-01,ITM-CBL-01,0,2,158,0,none,simulated,system_sim
5154,2026-08-09,WH-CHN-01,ITM-CPU-01,0,3,45,0,none,simulated,system_sim
5155,2026-08-09,WH-CHN-01,ITM-GPU-01,0,1,42,0,none,simulated,system_sim
5156,2026-08-09,WH-CHN-01,ITM-RAM-01,0,3,79,0,none,simulated,system_sim
5157,2026-08-09,WH-CHN-01,ITM-SSD-01,0,2,60,0,none,simulated,system_sim
5158,2026-08-09,WH-CHN-01,ITM-HDD-01,0,0,86,0,none,simulated,system_sim
5159,2026-08-09,WH-CHN-01,ITM-CHG-01,0,5,153,0,none,simulated,system_sim
5160,2026-08-09,WH-CHN-01,ITM-CBL-01,0,8,161,0,none,simulated,system_sim
5161,2026-08-09,WH-BOM-01,ITM-CPU-01,0,0,54,0,none,simulated,system_sim
5162,2026-08-09,WH-BOM-01,ITM-GPU-01,0,0,18,0,none,simulated,system_sim
5163,2026-08-09,WH-BOM-01,ITM-RAM-01,0,10,72,0,none,simulated,system_sim
5164,2026-08-09,WH-BOM-01,ITM-SSD-01,0,0,60,0,none,simulated,system_sim
5165,2026-08-09,WH-BOM-01,ITM-HDD-01,0,2,83,0,none,simulated,system_sim
5166,2026-08-09,WH-BOM-01,ITM-CHG-01,0,8,143,0,none,simulated,system_sim
5167,2026-08-09,WH-BOM-01,ITM-CBL-01,0,3,161,0,none,simulated,system_sim
5168,2026-08-09,WH-DEL-01,ITM-CPU-01,0,1,62,0,none,simulated,system_sim
5169,2026-08-09,WH-DEL-01,ITM-GPU-01,0,0,43,0,none,simulated,system_sim
5170,2026-08-09,WH-DEL-01,ITM-RAM-01,0,1,91,0,none,simulated,system_sim
5171,2026-08-09,WH-DEL-01,ITM-SSD-01,0,1,66,0,none,simulated,system_sim
5172,2026-08-09,WH-DEL-01,ITM-HDD-01,0,2,81,0,none,simulated,system_sim
5173,2026-08-09,WH-DEL-01,ITM-CHG-01,0,5,156,0,none,simulated,system_sim
5174,2026-08-09,WH-DEL-01,ITM-CBL-01,0,9,430,0,none,simulated,system_sim
5175,2026-08-09,WH-CCU-01,ITM-CPU-01,0,3,59,0,none,simulated,system_sim
5176,2026-08-09,WH-CCU-01,ITM-GPU-01,0,0,37,0,none,simulated,system_sim
5177,2026-08-09,WH-CCU-01,ITM-RAM-01,0,1,84,0,none,simulated,system_sim
5178,2026-08-09,WH-CCU-01,ITM-SSD-01,0,0,47,0,none,simulated,system_sim
5179,2026-08-09,WH-CCU-01,ITM-HDD-01,0,0,83,0,none,simulated,system_sim
5180,2026-08-09,WH-CCU-01,ITM-CHG-01,0,8,168,0,none,simulated,system_sim
5181,2026-08-09,WH-CCU-01,ITM-CBL-01,0,1,154,0,none,simulated,system_sim
5182,2026-08-10,WH-BLR-01,ITM-CPU-01,0,3,52,0,none,simulated,system_sim
5183,2026-08-10,WH-BLR-01,ITM-GPU-01,0,2,34,0,none,simulated,system_sim
5184,2026-08-10,WH-BLR-01,ITM-RAM-01,0,6,42,0,none,simulated,system_sim
5185,2026-08-10,WH-BLR-01,ITM-SSD-01,0,0,53,0,none,simulated,system_sim
5186,2026-08-10,WH-BLR-01,ITM-HDD-01,0,3,30,0,none,simulated,system_sim
5187,2026-08-10,WH-BLR-01,ITM-CHG-01,0,10,161,0,none,simulated,system_sim
5188,2026-08-10,WH-BLR-01,ITM-CBL-01,0,4,154,0,none,simulated,system_sim
5189,2026-08-10,WH-CHN-01,ITM-CPU-01,0,2,43,0,none,simulated,system_sim
5190,2026-08-10,WH-CHN-01,ITM-GPU-01,0,0,42,0,none,simulated,system_sim
5191,2026-08-10,WH-CHN-01,ITM-RAM-01,0,2,77,0,none,simulated,system_sim
5192,2026-08-10,WH-CHN-01,ITM-SSD-01,0,0,60,0,none,simulated,system_sim
5193,2026-08-10,WH-CHN-01,ITM-HDD-01,0,1,85,0,none,simulated,system_sim
5194,2026-08-10,WH-CHN-01,ITM-CHG-01,0,2,151,0,none,simulated,system_sim
5195,2026-08-10,WH-CHN-01,ITM-CBL-01,0,5,156,0,none,simulated,system_sim
5196,2026-08-10,WH-BOM-01,ITM-CPU-01,0,3,51,0,none,simulated,system_sim
5197,2026-08-10,WH-BOM-01,ITM-GPU-01,0,0,18,0,none,simulated,system_sim
5198,2026-08-10,WH-BOM-01,ITM-RAM-01,0,1,71,0,none,simulated,system_sim
5199,2026-08-10,WH-BOM-01,ITM-SSD-01,0,3,57,0,none,simulated,system_sim
5200,2026-08-10,WH-BOM-01,ITM-HDD-01,0,1,82,0,none,simulated,system_sim
5201,2026-08-10,WH-BOM-01,ITM-CHG-01,0,5,138,0,none,simulated,system_sim
5202,2026-08-10,WH-BOM-01,ITM-CBL-01,0,8,153,0,none,simulated,system_sim
5203,2026-08-10,WH-DEL-01,ITM-CPU-01,0,1,61,0,none,simulated,system_sim
5204,2026-08-10,WH-DEL-01,ITM-GPU-01,0,0,43,0,none,simulated,system_sim
5205,2026-08-10,WH-DEL-01,ITM-RAM-01,0,2,89,0,none,simulated,system_sim
5206,2026-08-10,WH-DEL-01,ITM-SSD-01,0,2,64,0,none,simulated,system_sim
5207,2026-08-10,WH-DEL-01,ITM-HDD-01,0,2,79,0,none,simulated,system_sim
5208,2026-08-10,WH-DEL-01,ITM-CHG-01,0,1,155,0,none,simulated,system_sim
5209,2026-08-10,WH-DEL-01,ITM-CBL-01,0,2,428,0,none,simulated,system_sim
5210,2026-08-10,WH-CCU-01,ITM-CPU-01,0,2,57,0,none,simulated,system_sim
5211,2026-08-10,WH-CCU-01,ITM-GPU-01,0,0,37,0,none,simulated,system_sim
5212,2026-08-10,WH-CCU-01,ITM-RAM-01,0,10,74,0,none,simulated,system_sim
5213,2026-08-10,WH-CCU-01,ITM-SSD-01,0,1,46,0,none,simulated,system_sim
5214,2026-08-10,WH-CCU-01,ITM-HDD-01,0,3,80,0,none,simulated,system_sim
5215,2026-08-10,WH-CCU-01,ITM-CHG-01,0,3,165,0,none,simulated,system_sim
5216,2026-08-10,WH-CCU-01,ITM-CBL-01,0,4,150,0,none,simulated,system_sim
5217,2026-08-11,WH-BLR-01,ITM-CPU-01,0,1,51,0,none,simulated,system_sim
5218,2026-08-11,WH-BLR-01,ITM-GPU-01,0,1,33,0,none,simulated,system_sim
5219,2026-08-11,WH-BLR-01,ITM-RAM-01,0,10,32,0,none,simulated,system_sim
5220,2026-08-11,WH-BLR-01,ITM-SSD-01,0,0,53,0,none,simulated,system_sim
5221,2026-08-11,WH-BLR-01,ITM-HDD-01,0,3,27,0,none,simulated,system_sim
5222,2026-08-11,WH-BLR-01,ITM-CHG-01,0,9,152,0,none,simulated,system_sim
5223,2026-08-11,WH-BLR-01,ITM-CBL-01,0,3,151,0,none,simulated,system_sim
5224,2026-08-11,WH-CHN-01,ITM-CPU-01,0,1,42,0,none,simulated,system_sim
5225,2026-08-11,WH-CHN-01,ITM-GPU-01,0,0,42,0,none,simulated,system_sim
5226,2026-08-11,WH-CHN-01,ITM-RAM-01,0,5,72,0,none,simulated,system_sim
5227,2026-08-11,WH-CHN-01,ITM-SSD-01,0,2,58,0,none,simulated,system_sim
5228,2026-08-11,WH-CHN-01,ITM-HDD-01,0,2,83,0,none,simulated,system_sim
5229,2026-08-11,WH-CHN-01,ITM-CHG-01,0,2,149,0,none,simulated,system_sim
5230,2026-08-11,WH-CHN-01,ITM-CBL-01,0,9,147,0,none,simulated,system_sim
5231,2026-08-11,WH-BOM-01,ITM-CPU-01,0,1,50,0,none,simulated,system_sim
5232,2026-08-11,WH-BOM-01,ITM-GPU-01,0,0,18,0,none,simulated,system_sim
5233,2026-08-11,WH-BOM-01,ITM-RAM-01,0,3,68,0,none,simulated,system_sim
5234,2026-08-11,WH-BOM-01,ITM-SSD-01,0,3,54,0,none,simulated,system_sim
5235,2026-08-11,WH-BOM-01,ITM-HDD-01,0,3,79,0,none,simulated,system_sim
5236,2026-08-11,WH-BOM-01,ITM-CHG-01,0,1,137,0,none,simulated,system_sim
5237,2026-08-11,WH-BOM-01,ITM-CBL-01,0,5,148,0,none,simulated,system_sim
5238,2026-08-11,WH-DEL-01,ITM-CPU-01,0,2,59,0,none,simulated,system_sim
5239,2026-08-11,WH-DEL-01,ITM-GPU-01,0,0,43,0,none,simulated,system_sim
5240,2026-08-11,WH-DEL-01,ITM-RAM-01,0,6,83,0,none,simulated,system_sim
5241,2026-08-11,WH-DEL-01,ITM-SSD-01,0,0,64,0,none,simulated,system_sim
5242,2026-08-11,WH-DEL-01,ITM-HDD-01,0,3,76,0,none,simulated,system_sim
5243,2026-08-11,WH-DEL-01,ITM-CHG-01,0,8,147,0,none,simulated,system_sim
5244,2026-08-11,WH-DEL-01,ITM-CBL-01,0,9,419,0,none,simulated,system_sim
5245,2026-08-11,WH-CCU-01,ITM-CPU-01,0,0,57,0,none,simulated,system_sim
5246,2026-08-11,WH-CCU-01,ITM-GPU-01,0,0,37,0,none,simulated,system_sim
5247,2026-08-11,WH-CCU-01,ITM-RAM-01,0,10,64,0,none,simulated,system_sim
5248,2026-08-11,WH-CCU-01,ITM-SSD-01,0,0,46,0,none,simulated,system_sim
5249,2026-08-11,WH-CCU-01,ITM-HDD-01,0,2,78,0,none,simulated,system_sim
5250,2026-08-11,WH-CCU-01,ITM-CHG-01,0,8,157,0,none,simulated,system_sim
5251,2026-08-11,WH-CCU-01,ITM-CBL-01,0,10,140,0,none,simulated,system_sim
